workload,variant,n,median,q1,q3,reps,rel_iqr
chain,naive_compress,1024,1.93035,1.92852,1.935475,7,0.0036029735540187243
chain,naive_compress,2048,1.95921,1.92661,1.996485,7,0.03566488533643669
chain,naive_compress,4096,1.95487,1.949225,1.96273,7,0.0069083877700307945
chain,naive_compress,8192,1.92101,1.905795,1.963215,7,0.02989052633770778
chain,naive_compress,16384,1.92224,1.913685,1.947475,7,0.017578450141501577
chain,naive_compress,32768,1.93942,1.9301499999999998,1.9697049999999998,7,0.020395272813521572
chain,naive_compress,65536,1.9418,1.9262549999999998,1.9846,7,0.03004686373467921
chain,naive_compress,131072,1.96377,1.95222,1.97329,7,0.010729362399873673
chain,naive_compress,262144,3.91045,3.8612450000000003,4.346665,7,0.12413405106829126
chain,naive_compress,524288,3.05839,3.006845,3.1135099999999998,7,0.03487619302966579
chain,naive_compress,1048576,2.85125,2.77374,2.93322,7,0.055933362560280524
chain,naive_compress,2097152,5.06516,4.00169,5.912850000000001,7,0.3773148330951048
chain,naive_compress,4194304,6.68471,6.60021,7.233855,7,0.09479020032282634
chain,naive_compress,8388608,7.91162,7.888725,8.03524,7,0.01851896324646532
chain,naive_compress,16777216,8.72757,8.65199,8.75863,7,0.012218750465478994
chain,naive_halve,1024,3.07159,3.039925,3.099925,7,0.01953385705774521
chain,naive_halve,2048,3.10155,3.07585,3.129235,7,0.01721236156115491
chain,naive_halve,4096,3.18798,3.13328,3.22851,7,0.02987158012283638
chain,naive_halve,8192,3.43674,3.429825,3.52238,7,0.026931045118338874
chain,naive_halve,16384,4.18323,4.0299700000000005,4.355785,7,0.0778859876220049
chain,naive_halve,32768,4.59724,4.525874999999999,4.6332,7,0.02334552905656464
chain,naive_halve,65536,4.64462,4.598605,4.732265,7,0.028777381142052503
chain,naive_halve,131072,4.76152,4.720610000000001,4.985495,7,0.05563034493187041
chain,naive_halve,262144,5.66274,5.404915000000001,6.458245,7,0.18601065915087023
chain,naive_halve,524288,5.74017,5.70627,6.03171,7,0.056695184985810596
chain,naive_halve,1048576,5.59254,5.573395,5.611445,7,0.006803706365980421
chain,naive_halve,2097152,6.62558,6.498505,6.63457,7,0.020536315311263365
chain,naive_halve,4194304,8.33103,8.082335,8.566569999999999,7,0.05812426554699697
chain,naive_halve,8388608,14.4428,14.11945,14.67305,7,0.038330517628160705
chain,naive_halve,16777216,15.8669,15.84035,15.9145,7,0.0046732506034574805
chain,naive_none,1024,868.458,862.742,879.6859999999999,7,0.019510442646621898
chain,naive_none,2048,1739.85,1706.715,1744.48,7,0.021705894186280484
chain,naive_none,4096,3402.08,3396.7799999999997,3408.6000000000004,7,0.00347434510652325
chain,naive_none,8192,6823.83,6793.030000000001,6864.700000000001,7,0.010502899398138593
chain,naive_none,16384,13687.5,13679.2,13751.7,7,0.0052968036529680365
chain,naive_none,32768,27251.9,27206.15,27264.5,7,0.0021411351135149676
chain,naive_none,65536,54489.7,54448.0,54579.45,7,0.0024123825236695576
chain,naive_none,131072,109349.0,109239.5,109618.0,7,0.0034613942514334834
chain,quickfind,1024,116.896,116.756,117.839,7,0.00926464549685189
chain,quickfind,2048,221.709,220.2585,222.9775,7,0.012263823299911119
chain,quickfind,4096,431.394,428.0555,442.736,7,0.03403037594403259
chain,quickfind,8192,832.326,829.8145,835.21,7,0.006482435968598942
chain,quickfind,16384,1644.24,1641.65,1647.88,7,0.003788984576460868
chain,quickfind,32768,3274.42,3266.68,3294.0550000000003,7,0.008360259221480584
chain,quickfind,65536,6603.37,6520.35,6665.365,7,0.02196075640165543
chain,quickfind,131072,12868.0,12822.1,12887.9,7,0.005113459745104078
chain,rank_compress,1024,1.98126,1.9681899999999999,1.992785,7,0.012413817469691078
chain,rank_compress,2048,1.97567,1.961195,1.9868299999999999,7,0.012975345072810668
chain,rank_compress,4096,1.9793,1.96243,1.989055,7,0.013451725357449665
chain,rank_compress,8192,1.95547,1.926135,2.02308,7,0.04957631669112811
chain,rank_compress,16384,1.94704,1.91281,1.964695,7,0.026648142821924653
chain,rank_compress,32768,1.93863,1.922295,1.967625,7,0.02338249175964463
chain,rank_compress,65536,1.93035,1.926965,1.98845,7,0.03185173673168079
chain,rank_compress,131072,2.45219,2.41338,2.612505,7,0.08120292473258597
chain,rank_compress,262144,3.2254,3.07659,3.31647,7,0.07437217089353254
chain,rank_compress,524288,2.57797,2.565195,2.654485,7,0.03463577931473217
chain,rank_compress,1048576,2.8759,2.62351,3.112195,7,0.16992419764247707
chain,rank_compress,2097152,4.05874,4.02142,5.282415,7,0.31068632137067176
chain,rank_compress,4194304,5.70258,5.229445,5.99404,7,0.13407878539187523
chain,rank_compress,8388608,7.36536,7.19557,7.54737,7,0.047764128297870016
chain,rank_compress,16777216,7.98075,7.899900000000001,8.09947,7,0.025006421702220918
chain,rank_halve,1024,3.16217,3.110995,3.18932,7,0.024769383050247132
chain,rank_halve,2048,3.18615,3.138175,3.220625,7,0.025877626602639592
chain,rank_halve,4096,3.12295,3.117455,3.1344250000000002,7,0.005433964680830673
chain,rank_halve,8192,3.17599,3.1378399999999997,3.191045,7,0.016752256776627183
chain,rank_halve,16384,3.19064,3.17323,3.2156450000000003,7,0.01329357119574759
chain,rank_halve,32768,3.19484,3.18426,3.218095,7,0.010590514704961699
chain,rank_halve,65536,3.25409,3.242615,3.265185,7,0.006935886837794891
chain,rank_halve,131072,3.70129,3.66613,3.746175,7,0.02162624382309955
chain,rank_halve,262144,4.05141,4.030810000000001,4.353725,7,0.07970434984363449
chain,rank_halve,524288,4.04449,3.951625,4.12896,7,0.04384607206347407
chain,rank_halve,1048576,4.26741,4.1989350000000005,4.386950000000001,7,0.044058339836106686
chain,rank_halve,2097152,4.76833,4.682815,4.863385,7,0.03786860389276756
chain,rank_halve,4194304,6.14394,5.72242,6.2822,7,0.09111091579670375
chain,rank_halve,8388608,9.31135,9.27765,9.43871,7,0.01729716958335804
chain,rank_halve,16777216,10.6668,10.58015,10.742,7,0.015173247834402178
chain,rank_none,1024,2.16501,2.139315,2.17779,7,0.0177712805021686
chain,rank_none,2048,2.13227,2.114865,2.1571350000000002,7,0.019823943496836822
chain,rank_none,4096,2.1347,2.126785,2.1554900000000004,7,0.013446854358926511
chain,rank_none,8192,2.13011,2.098755,2.1534750000000003,7,0.02568881419269432
chain,rank_none,16384,2.10078,2.09713,2.13353,7,0.017326897628499885
chain,rank_none,32768,2.15071,2.122795,2.17084,7,0.022339134518368404
chain,rank_none,65536,2.15174,2.1280200000000002,2.1648300000000003,7,0.01710708542853691
chain,rank_none,131072,2.4562,2.4420349999999997,2.504,7,0.025227994462991725
chain,rank_none,262144,3.4772,3.43767,3.56184,7,0.03570976647877613
chain,rank_none,524288,2.80819,2.7962949999999998,2.8170599999999997,7,0.007394442683721515
chain,rank_none,1048576,3.41072,3.1229500000000003,3.967145,7,0.24751225547684935
chain,rank_none,2097152,5.38535,5.245699999999999,5.604615,7,0.06664655036348623
chain,rank_none,4194304,6.29476,6.23049,6.490035,7,0.04123191352807734
chain,rank_none,8388608,7.85227,7.645685,7.968855,7,0.041156251631693674
chain,rank_none,16777216,8.24586,8.1328,9.13289,7,0.12128389276558177
chain,size_compress,1024,2.62504,2.6168649999999998,2.642305,7,0.009691280894767368
chain,size_compress,2048,2.62435,2.6221500000000004,2.636535,7,0.005481357288471212
chain,size_compress,4096,2.60977,2.60512,2.64393,7,0.01487104227575619
chain,size_compress,8192,2.66608,2.61732,2.6956350000000002,7,0.029374587409230164
chain,size_compress,16384,2.63418,2.6193150000000003,2.6407100000000003,7,0.008122072143892996
chain,size_compress,32768,2.64682,2.628935,2.67027,7,0.015616853431665214
chain,size_compress,65536,2.64835,2.6468999999999996,2.701015,7,0.02043347744822261
chain,size_compress,131072,4.81188,3.9449500000000004,5.0853,7,0.23698637538758233
chain,size_compress,262144,3.63866,3.49777,3.85511,7,0.0982064826062341
chain,size_compress,524288,3.35412,3.254465,3.59619,7,0.101882162832576
chain,size_compress,1048576,3.4677,3.3996399999999998,3.678225,7,0.08033711105343602
chain,size_compress,2097152,4.89903,4.705455000000001,5.13052,7,0.08676513513899674
chain,size_compress,4194304,5.98977,5.69942,6.182230000000001,7,0.08060576616464415
chain,size_compress,8388608,7.74521,7.73419,8.079695000000001,7,0.044608861476964606
chain,size_compress,16777216,8.62246,8.591455,8.72325,7,0.015285081055754428
chain,size_halve,1024,3.15425,3.13151,3.1999950000000004,7,0.021711975905524403
chain,size_halve,2048,3.17682,3.1475850000000003,3.2079,7,0.018985967099174543
chain,size_halve,4096,3.15025,3.14783,3.1641399999999997,7,0.005177366875644734
chain,size_halve,8192,3.15083,3.1325149999999997,3.1969849999999997,7,0.020461275283020674
chain,size_halve,16384,3.21172,3.19733,3.275155,7,0.02423156439540178
chain,size_halve,32768,3.25671,3.2293950000000002,3.2803649999999998,7,0.01565076411470457
chain,size_halve,65536,3.2752,3.2540250000000004,3.335885,7,0.024993893502686805
chain,size_halve,131072,5.25835,5.1470400000000005,5.286239999999999,7,0.026472182338566068
chain,size_halve,262144,4.04301,3.932515,4.08504,7,0.03772560542763937
chain,size_halve,524288,4.0071,3.9423250000000003,4.0581,7,0.028892465873075115
chain,size_halve,1048576,4.45228,4.393079999999999,4.5087600000000005,7,0.025982193393048306
chain,size_halve,2097152,4.86679,4.854395,4.92196,7,0.013882867351991785
chain,size_halve,4194304,5.95449,5.88003,6.03745,7,0.026437192773856387
chain,size_halve,8388608,9.61967,9.59653,9.71434,7,0.012246781854263237
chain,size_halve,16777216,10.5547,10.53205,10.590499999999999,7,0.005537817275715916
chain,size_none,1024,2.23601,2.21981,2.24872,7,0.012929280280499736
chain,size_none,2048,2.2421,2.220685,2.2694799999999997,7,0.021763079256054457
chain,size_none,4096,2.20979,2.2077600000000004,2.2141349999999997,7,0.0028848895143879527
chain,size_none,8192,2.19984,2.196635,2.2217149999999997,7,0.011400829151210792
chain,size_none,16384,2.23125,2.2028600000000003,2.236835,7,0.01522689075630246
chain,size_none,32768,2.22547,2.210855,2.26309,7,0.023471446480968078
chain,size_none,65536,2.26239,2.2431900000000002,2.27439,7,0.013790725736941763
chain,size_none,131072,3.66975,3.629,3.7588600000000003,7,0.035386606717078904
chain,size_none,262144,3.60458,3.471255,3.914935,7,0.12308784934721927
chain,size_none,524288,4.04296,3.602005,4.327920000000001,7,0.17955037893028883
chain,size_none,1048576,5.45931,3.597835,5.914765,7,0.42439978678624224
chain,size_none,2097152,6.56176,5.67745,6.77849,7,0.167796444856258
chain,size_none,4194304,6.19329,5.799055,6.60614,7,0.13031603558044266
chain,size_none,8388608,7.86407,7.764035,7.930835,7,0.021210391057048104
chain,size_none,16777216,8.65597,8.583884999999999,8.74761,7,0.018914691247774798
maze,naive_compress,1024,2.60914,2.58831,2.6266249999999998,7,0.014684915336087706
maze,naive_compress,2048,6.9192,6.794565,7.04022,7,0.03550338189386046
maze,naive_compress,4096,9.0884,9.001249999999999,9.234974999999999,7,0.025716847850006573
maze,naive_compress,8192,10.3885,10.3287,10.511700000000001,7,0.01761563267074184
maze,naive_compress,16384,11.6816,11.63915,11.72185,7,0.0070795096562114015
maze,naive_compress,32768,12.4747,12.4289,12.580300000000001,7,0.01213656440635852
maze,naive_compress,65536,13.2248,13.1166,13.5265,7,0.03099479765289459
maze,naive_compress,131072,14.3927,14.3134,14.42325,7,0.0076323413952906535
maze,naive_compress,262144,15.6749,15.5668,15.8923,7,0.0207656827156792
maze,naive_compress,524288,18.1563,18.1289,18.17935,7,0.0027786498350433667
maze,naive_compress,1048576,20.0276,19.90655,20.109499999999997,7,0.010133515748267279
maze,naive_compress,2097152,22.3653,22.249000000000002,22.42385,7,0.007817914358403387
maze,naive_compress,4194304,40.4451,39.90235,40.97405,7,0.026497647428242233
maze,naive_compress,8388608,67.9419,66.48255,69.24745,7,0.04069506445948667
maze,naive_compress,16777216,93.1421,92.98185000000001,93.892,7,0.009771628511704024
maze,naive_halve,1024,3.55365,3.53731,3.618135,7,0.02274422073079789
maze,naive_halve,2048,4.02733,3.99015,4.085065,7,0.023567723528988265
maze,naive_halve,4096,6.40944,6.35971,6.457395,7,0.015240801068424112
maze,naive_halve,8192,9.23073,8.941575,9.56682,7,0.06773516287444217
maze,naive_halve,16384,10.6799,10.629,10.92735,7,0.027935654828228823
maze,naive_halve,32768,11.5769,11.562149999999999,11.6888,7,0.01093988891672222
maze,naive_halve,65536,13.1464,12.68705,13.2807,7,0.04515684902330678
maze,naive_halve,131072,13.7438,13.7377,13.933,7,0.014210043801568676
maze,naive_halve,262144,15.5453,15.168199999999999,15.60845,7,0.028320456986999334
maze,naive_halve,524288,18.0598,17.88175,18.115699999999997,7,0.012954185539153068
maze,naive_halve,1048576,20.9283,20.8316,20.964,7,0.006326361911860828
maze,naive_halve,2097152,24.568,24.10425,24.80845,7,0.028663301856072944
maze,naive_halve,4194304,43.833,43.187799999999996,45.21025,7,0.04613989459995908
maze,naive_halve,8388608,83.7083,78.5902,85.8135,7,0.08629132356050725
maze,naive_halve,16777216,122.828,122.4865,125.0835,7,0.021143387501221172
maze,naive_none,1024,47.1739,46.17895,47.9778,7,0.03813231469096262
maze,naive_none,2048,93.7,93.2167,94.17705000000001,7,0.010249199573105713
maze,naive_none,4096,160.414,159.82,161.243,7,0.008870796813245738
maze,naive_none,8192,281.713,280.855,283.95950000000005,7,0.01102008072044964
maze,naive_none,16384,583.04,578.5095,584.3444999999999,7,0.010007889681668365
maze,naive_none,32768,1867.87,1864.76,1869.3899999999999,7,0.002478759228425898
maze,naive_none,65536,5264.82,5260.45,5273.455,7,0.0024701699203391776
maze,naive_none,131072,13324.6,13299.45,13327.65,7,0.0021163862329825218
maze,quickfind,1024,136.422,135.68849999999998,138.4955,7,0.020575860198501827
maze,quickfind,2048,250.655,250.01,251.565,7,0.00620374618499534
maze,quickfind,4096,473.828,469.733,474.6,7,0.010271659758393382
maze,quickfind,8192,899.599,898.539,901.5474999999999,7,0.003344267834890782
maze,quickfind,16384,1780.62,1776.4,1785.1100000000001,7,0.004891554627040041
maze,quickfind,32768,3538.01,3536.875,3542.8549999999996,7,0.0016902156862189657
maze,quickfind,65536,7114.55,7111.745,7123.84,7,0.0017000372476123232
maze,quickfind,131072,14377.4,14343.3,14405.349999999999,7,0.0043158011879755225
maze,rank_compress,1024,2.40017,2.38456,2.420655,7,0.01503851810496756
maze,rank_compress,2048,2.36985,2.349635,2.411305,7,0.026022744055530896
maze,rank_compress,4096,5.98439,5.891385,6.0729299999999995,7,0.030336425266401394
maze,rank_compress,8192,7.27132,7.169145,7.441325,7,0.037431993090662995
maze,rank_compress,16384,8.66326,8.643165,8.78537,7,0.01641472147898142
maze,rank_compress,32768,9.04059,9.01699,9.10966,7,0.010250437194917592
maze,rank_compress,65536,9.54917,9.465150000000001,9.574065000000001,7,0.011405703322906562
maze,rank_compress,131072,10.4648,10.34745,10.52395,7,0.01686606528552853
maze,rank_compress,262144,11.6287,11.451,11.78815,7,0.02899292268267299
maze,rank_compress,524288,12.6473,12.55425,12.6629,7,0.008590766408640644
maze,rank_compress,1048576,13.7443,13.465150000000001,13.81175,7,0.025217726621217428
maze,rank_compress,2097152,18.6742,17.2649,19.74495,7,0.13280622463077393
maze,rank_compress,4194304,31.5849,31.2282,31.735500000000002,7,0.016061472412450276
maze,rank_compress,8388608,41.3243,40.6772,42.422399999999996,7,0.04223181033919502
maze,rank_compress,16777216,48.2168,48.04965,48.434,7,0.007971288015795278
maze,rank_halve,1024,2.14185,2.12896,2.2431650000000003,7,0.05332072740854874
maze,rank_halve,2048,2.06671,2.05241,2.093115,7,0.019695554770625772
maze,rank_halve,4096,2.05973,2.0219300000000002,2.1035,7,0.03960227796847145
maze,rank_halve,8192,5.17034,5.11708,5.2361699999999995,7,0.023033301485008706
maze,rank_halve,16384,6.59688,6.49299,6.70026,7,0.03141939826099615
maze,rank_halve,32768,7.16831,7.139765,7.198325,7,0.008169289553604677
maze,rank_halve,65536,7.46451,7.434895,7.550235,7,0.015451784510972559
maze,rank_halve,131072,8.4856,8.427385000000001,8.498805,7,0.008416611671537642
maze,rank_halve,262144,9.24849,9.189435,9.458655,7,0.02910961681312308
maze,rank_halve,524288,10.4884,10.471,10.54505,7,0.007060180771137611
maze,rank_halve,1048576,11.6618,11.5671,11.72325,7,0.013389871203416302
maze,rank_halve,2097152,18.4956,17.152250000000002,20.6467,7,0.1889341248729426
maze,rank_halve,4194304,29.9862,29.851399999999998,30.22515,7,0.01246406680406324
maze,rank_halve,8388608,43.0747,42.526250000000005,43.391400000000004,7,0.020084875808769415
maze,rank_halve,16777216,52.463,52.30970000000001,52.538650000000004,7,0.004364027981625098
maze,rank_none,1024,2.18894,2.18714,2.201955,7,0.006768116074447003
maze,rank_none,2048,2.23486,2.1624999999999996,2.34495,7,0.08163822342339128
maze,rank_none,4096,9.00153,8.56001,9.17125,7,0.0679040118735371
maze,rank_none,8192,11.4716,11.27705,11.6183,7,0.02974737612887483
maze,rank_none,16384,13.1438,12.7347,13.3091,7,0.04370121273908616
maze,rank_none,32768,13.8975,13.79875,13.957,7,0.01138694009713982
maze,rank_none,65536,14.6696,14.5771,14.8855,7,0.021023068113650043
maze,rank_none,131072,16.8059,16.730800000000002,16.87815,7,0.008767754181567153
maze,rank_none,262144,17.8715,17.6984,17.986449999999998,7,0.016117841255630382
maze,rank_none,524288,20.1052,19.976750000000003,20.29645,7,0.015901358852436057
maze,rank_none,1048576,22.3511,22.29435,22.6072,7,0.013997073969513689
maze,rank_none,2097152,27.7751,27.359099999999998,28.111800000000002,7,0.02709981242191763
maze,rank_none,4194304,43.0339,41.908,43.98425,7,0.04824684725297967
maze,rank_none,8388608,59.8054,59.4266,60.038799999999995,7,0.010236533824704698
maze,rank_none,16777216,77.6112,76.99119999999999,78.06245,7,0.013802775888016244
maze,size_compress,1024,1.86305,1.8579400000000001,1.89276,7,0.01868978288290698
maze,size_compress,2048,1.82138,1.811775,1.8711950000000002,7,0.03262361506110765
maze,size_compress,4096,5.26051,5.1601,5.317685,7,0.029956220974772425
maze,size_compress,8192,6.62456,6.556125,6.78672,7,0.03480910430277635
maze,size_compress,16384,7.7607,7.66689,7.882595,7,0.02779452884404755
maze,size_compress,32768,8.13602,7.94245,8.24491,7,0.03717542483917208
maze,size_compress,65536,8.41146,8.360675,8.513405,7,0.01815737101525776
maze,size_compress,131072,9.08716,9.01632,9.19531,7,0.019697023052306646
maze,size_compress,262144,9.97986,9.864519999999999,10.04525,7,0.018109472477569874
maze,size_compress,524288,11.3212,11.283100000000001,11.4488,7,0.014636257640532745
maze,size_compress,1048576,12.3971,12.3719,12.5501,7,0.014374329480281708
maze,size_compress,2097152,17.0436,16.239449999999998,19.22465,7,0.1751507897392571
maze,size_compress,4194304,29.5471,28.88565,30.21395,7,0.044955342487080024
maze,size_compress,8388608,39.335,39.10015,39.89035,7,0.020088979280538925
maze,size_compress,16777216,47.3618,47.05355,47.535,7,0.010165365336621397
maze,size_halve,1024,2.17495,2.155095,2.2135249999999997,7,0.02686498540196305
maze,size_halve,2048,2.03927,2.01581,2.04823,7,0.015897845797761018
maze,size_halve,4096,2.09487,2.0922,2.124815,7,0.015568985187624932
maze,size_halve,8192,3.95198,3.90536,4.00839,7,0.026070476065162374
maze,size_halve,16384,5.50352,5.440735,5.542235,7,0.018442742099601655
maze,size_halve,32768,6.14271,6.11309,6.182545,7,0.011306898746644476
maze,size_halve,65536,6.46944,6.390615,6.49433,7,0.01603152668546263
maze,size_halve,131072,7.04643,7.04311,7.1259999999999994,7,0.011763403595863298
maze,size_halve,262144,7.79071,7.73472,7.851585,7,0.015000558357325555
maze,size_halve,524288,9.17931,9.09698,9.415595,7,0.03471012527085363
maze,size_halve,1048576,10.484,10.3479,10.5336,7,0.017712705074399145
maze,size_halve,2097152,16.597,16.308,16.8547,7,0.03293968789540286
maze,size_halve,4194304,28.0441,27.9253,30.554499999999997,7,0.09375234006439848
maze,size_halve,8388608,43.1411,42.05645,44.55615,7,0.05794242613192534
maze,size_halve,16777216,51.8382,51.502250000000004,52.11565,7,0.011832972595499045
maze,size_none,1024,2.16888,2.145025,2.24044,7,0.0439927520194755
maze,size_none,2048,5.55437,5.349515,5.647695000000001,7,0.053683856134899254
maze,size_none,4096,9.20848,8.961345,9.441255,7,0.052116092992546034
maze,size_none,8192,10.5124,10.48185,10.57835,7,0.009179635478102117
maze,size_none,16384,11.8918,11.670649999999998,12.09385,7,0.03558754772195978
maze,size_none,32768,12.5982,12.5549,12.734300000000001,7,0.014240129542315657
maze,size_none,65536,13.2159,13.141200000000001,13.34775,7,0.015628901550405062
maze,size_none,131072,15.2719,15.0561,15.4641,7,0.026715732816479903
maze,size_none,262144,16.1337,15.9904,16.1531,7,0.010084481551039078
maze,size_none,524288,17.8484,17.82245,17.95805,7,0.0075973196476995224
maze,size_none,1048576,20.2054,20.17605,20.3281,7,0.0075252160313579106
maze,size_none,2097152,26.0887,25.17805,26.41335,7,0.047350002108192527
maze,size_none,4194304,42.14,40.96,44.82985,7,0.09183317513051731
maze,size_none,8388608,58.6242,55.239,61.285650000000004,7,0.10314255887500395
maze,size_none,16777216,72.169,70.56075,74.62105,7,0.0562609984896562
maze_scrambled,naive_compress,1024,2.67738,2.6759399999999998,2.6927849999999998,7,0.0062915985030141406
maze_scrambled,naive_compress,2048,6.88409,6.762824999999999,7.159415,7,0.0576096477530074
maze_scrambled,naive_compress,4096,9.01968,8.841005,9.063715,7,0.02469156333705864
maze_scrambled,naive_compress,8192,10.4622,10.3655,10.5235,7,0.015101986197931553
maze_scrambled,naive_compress,16384,11.6052,11.5857,11.8132,7,0.0196032812876987
maze_scrambled,naive_compress,32768,12.851,12.7268,12.962900000000001,7,0.01837211111975725
maze_scrambled,naive_compress,65536,13.5064,13.469000000000001,13.53415,7,0.004823639163655686
maze_scrambled,naive_compress,131072,16.5247,14.95365,17.9356,7,0.180454108092734
maze_scrambled,naive_compress,262144,16.291,16.2588,16.4099,7,0.009275059848996351
maze_scrambled,naive_compress,524288,19.1299,19.04045,19.2709,7,0.012046586756857127
maze_scrambled,naive_compress,1048576,21.1142,21.044600000000003,21.2962,7,0.011916151215769305
maze_scrambled,naive_compress,2097152,24.0743,23.8079,25.204,7,0.05799130192778193
maze_scrambled,naive_compress,4194304,41.4153,36.323800000000006,43.06555,7,0.16278404357809784
maze_scrambled,naive_compress,8388608,77.7304,77.35685,78.5489,7,0.01533569877422487
maze_scrambled,naive_compress,16777216,107.944,105.21100000000001,108.938,7,0.03452716223226849
maze_scrambled,naive_halve,1024,3.62804,3.5878550000000002,3.6565399999999997,7,0.0189317096834653
maze_scrambled,naive_halve,2048,3.90221,3.8801449999999997,3.9937500000000004,7,0.029112989818590135
maze_scrambled,naive_halve,4096,6.44841,6.43516,6.67099,7,0.036571806073125
maze_scrambled,naive_halve,8192,9.27075,9.054594999999999,9.687740000000002,7,0.06829490602162744
maze_scrambled,naive_halve,16384,11.0867,10.99095,11.2116,7,0.01990222518873974
maze_scrambled,naive_halve,32768,11.9065,11.896,12.0473,7,0.012707344727669686
maze_scrambled,naive_halve,65536,12.7742,12.652550000000002,12.9436,7,0.022784205664542475
maze_scrambled,naive_halve,131072,14.0967,14.019,14.1741,7,0.01100257507076118
maze_scrambled,naive_halve,262144,16.1905,16.04325,16.472450000000002,7,0.026509372780334245
maze_scrambled,naive_halve,524288,19.0131,18.9269,19.0564,7,0.006811093404021446
maze_scrambled,naive_halve,1048576,22.2913,22.218400000000003,22.4047,7,0.008357520647068394
maze_scrambled,naive_halve,2097152,26.368,26.3007,26.7157,7,0.015738774271844627
maze_scrambled,naive_halve,4194304,43.1188,41.77505,46.0805,7,0.09985087711160794
maze_scrambled,naive_halve,8388608,97.0724,92.63485,98.05785,7,0.05586551893226089
maze_scrambled,naive_halve,16777216,140.649,138.976,142.3805,7,0.024205646680744358
maze_scrambled,naive_none,1024,44.58,44.407799999999995,45.34865,7,0.021104755495738103
maze_scrambled,naive_none,2048,94.3773,94.19885,94.51820000000001,7,0.0033837585944926822
maze_scrambled,naive_none,4096,160.891,160.1265,162.06900000000002,7,0.012073391302186102
maze_scrambled,naive_none,8192,282.958,281.312,284.207,7,0.010231200390163847
maze_scrambled,naive_none,16384,572.416,571.8855,572.8515,7,0.001687583855098404
maze_scrambled,naive_none,32768,1880.73,1880.54,1883.72,7,0.0016908328149176457
maze_scrambled,naive_none,65536,5243.62,5240.59,5250.74,7,0.0019356856522783185
maze_scrambled,naive_none,131072,13283.0,13267.95,13373.0,7,0.007908604983813843
maze_scrambled,quickfind,1024,153.616,153.103,154.563,7,0.009504218310592512
maze_scrambled,quickfind,2048,278.4,277.03,280.5375,7,0.012598778735632364
maze_scrambled,quickfind,4096,520.592,513.5635,521.884,7,0.015982765774349275
maze_scrambled,quickfind,8192,996.776,992.4315,1000.454,7,0.00804844819698701
maze_scrambled,quickfind,16384,2007.59,2001.645,2018.52,7,0.008405600745172073
maze_scrambled,quickfind,32768,3867.9,3862.8149999999996,3872.3199999999997,7,0.002457405827451617
maze_scrambled,quickfind,65536,7672.71,7663.755,7677.594999999999,7,0.001803795529871354
maze_scrambled,quickfind,131072,15211.0,15198.349999999999,15258.75,7,0.003970810597593942
maze_scrambled,rank_compress,1024,2.42583,2.424945,2.4340650000000004,7,0.003759537972570312
maze_scrambled,rank_compress,2048,2.32701,2.322905,2.34179,7,0.008115564608660917
maze_scrambled,rank_compress,4096,5.96813,5.886345,6.05247,7,0.027835352111967932
maze_scrambled,rank_compress,8192,7.41917,7.318720000000001,7.50245,7,0.024764225647882287
maze_scrambled,rank_compress,16384,8.71722,8.698215000000001,8.853985,7,0.017869228951431608
maze_scrambled,rank_compress,32768,9.18084,9.12079,9.203475000000001,7,0.009006256508119242
maze_scrambled,rank_compress,65536,9.99445,9.83006,10.24655,7,0.041672128031057194
maze_scrambled,rank_compress,131072,10.8049,10.671399999999998,10.85105,7,0.01662671565678556
maze_scrambled,rank_compress,262144,12.1212,11.850850000000001,12.37645,7,0.04336204336204327
maze_scrambled,rank_compress,524288,13.4308,13.293800000000001,13.5688,7,0.02047532537153398
maze_scrambled,rank_compress,1048576,14.3207,14.29975,14.556750000000001,7,0.017946050123248267
maze_scrambled,rank_compress,2097152,18.7739,18.540100000000002,19.09135,7,0.029362572507576793
maze_scrambled,rank_compress,4194304,31.691,31.6226,32.32535,7,0.022175065476002707
maze_scrambled,rank_compress,8388608,47.1136,46.6395,47.6161,7,0.02072862188412698
maze_scrambled,rank_compress,16777216,56.8196,56.60985,57.81575,7,0.02122331026617575
maze_scrambled,rank_halve,1024,2.13432,2.128955,2.154595,7,0.012013193897822306
maze_scrambled,rank_halve,2048,2.0172,2.01022,2.058135,7,0.02375322228832052
maze_scrambled,rank_halve,4096,2.03553,2.0229049999999997,2.049175,7,0.01290572971167226
maze_scrambled,rank_halve,8192,5.24379,5.21152,5.3073250000000005,7,0.01827018244437713
maze_scrambled,rank_halve,16384,6.57457,6.48464,6.64846,7,0.02491721892078118
maze_scrambled,rank_halve,32768,7.32671,7.243065,7.44735,7,0.02788222817608456
maze_scrambled,rank_halve,65536,7.64982,7.61772,7.70657,7,0.011614652370905443
maze_scrambled,rank_halve,131072,8.73091,8.707765,8.83057,7,0.014065544141446838
maze_scrambled,rank_halve,262144,10.0309,9.78579,11.689350000000001,7,0.18976961189923142
maze_scrambled,rank_halve,524288,11.2768,11.2584,11.3127,7,0.004815195800226977
maze_scrambled,rank_halve,1048576,12.8086,12.6634,12.904399999999999,7,0.018815483347126124
maze_scrambled,rank_halve,2097152,18.3983,17.8813,19.02405,7,0.06211171684340398
maze_scrambled,rank_halve,4194304,32.5677,31.56055,33.4221,7,0.057159394123625584
maze_scrambled,rank_halve,8388608,49.4873,48.9166,50.64925,7,0.03501201318318033
maze_scrambled,rank_halve,16777216,59.773,59.7041,60.2642,7,0.009370451541666063
maze_scrambled,rank_none,1024,2.37642,2.362415,2.408155,7,0.0192474394256907
maze_scrambled,rank_none,2048,2.19238,2.1659550000000003,2.25536,7,0.04077988304947123
maze_scrambled,rank_none,4096,8.55839,8.45787,8.8667,7,0.047769498702442875
maze_scrambled,rank_none,8192,12.0143,11.87315,12.37065,7,0.041408987623082386
maze_scrambled,rank_none,16384,13.2357,13.12565,13.323899999999998,7,0.01497842955038253
maze_scrambled,rank_none,32768,14.2258,14.13635,14.7283,7,0.0416110166036357
maze_scrambled,rank_none,65536,15.5693,14.9525,15.93585,7,0.06315955116800367
maze_scrambled,rank_none,131072,17.4398,17.28335,17.5698,7,0.016425073682037758
maze_scrambled,rank_none,262144,18.8761,18.7151,18.942549999999997,7,0.012049628895799316
maze_scrambled,rank_none,524288,21.1399,21.04905,21.3988,7,0.016544543730102803
maze_scrambled,rank_none,1048576,23.4952,23.43995,23.6416,7,0.008582604106370696
maze_scrambled,rank_none,2097152,29.2683,28.9797,29.45445,7,0.01622062094484477
maze_scrambled,rank_none,4194304,51.693,47.537,54.88985,7,0.1422407289188092
maze_scrambled,rank_none,8388608,68.3903,67.86115000000001,70.09705,7,0.03269323281225535
maze_scrambled,rank_none,16777216,90.8831,89.9581,91.3488,7,0.01530207486320334
maze_scrambled,size_compress,1024,1.81697,1.811455,1.8249300000000002,7,0.007416192892562962
maze_scrambled,size_compress,2048,1.80705,1.8008000000000002,1.85337,7,0.029091613403060115
maze_scrambled,size_compress,4096,5.04806,5.037065,5.192425,7,0.030776179363953663
maze_scrambled,size_compress,8192,6.61382,6.600244999999999,6.616715,7,0.002490240133538692
maze_scrambled,size_compress,16384,7.74278,7.66341,7.8876,7,0.028954716523005963
maze_scrambled,size_compress,32768,8.27074,8.253265,8.37051,7,0.014175877853734819
maze_scrambled,size_compress,65536,8.60585,8.582725,8.651425,7,0.007982941836076594
maze_scrambled,size_compress,131072,9.34733,9.292359999999999,9.39547,7,0.01103095750337272
maze_scrambled,size_compress,262144,10.7978,10.52135,10.8612,7,0.03147400396377042
maze_scrambled,size_compress,524288,12.0213,11.96455,12.18815,7,0.018600317769292933
maze_scrambled,size_compress,1048576,13.3111,12.975349999999999,13.490549999999999,7,0.03870453982015011
maze_scrambled,size_compress,2097152,17.6129,17.1541,17.8092,7,0.03719432915647059
maze_scrambled,size_compress,4194304,33.6981,32.40305,34.0871,7,0.04997462764963008
maze_scrambled,size_compress,8388608,47.2934,46.928399999999996,47.538799999999995,7,0.012906663509073116
maze_scrambled,size_compress,16777216,56.5861,56.1125,56.89765,7,0.013875315669395868
maze_scrambled,size_halve,1024,2.16211,2.1534899999999997,2.1747699999999996,7,0.00984223744397832
maze_scrambled,size_halve,2048,2.01278,2.0088,2.01777,7,0.004456522819185477
maze_scrambled,size_halve,4096,2.01827,2.011135,2.036875,7,0.012753496806671219
maze_scrambled,size_halve,8192,3.94597,3.9193,3.986815,7,0.017109861453584344
maze_scrambled,size_halve,16384,5.50888,5.435285,5.53693,7,0.018451118920724274
maze_scrambled,size_halve,32768,6.21386,6.189585,6.274,7,0.013584953635904238
maze_scrambled,size_halve,65536,6.66552,6.56518,6.720985000000001,7,0.023374770460519338
maze_scrambled,size_halve,131072,7.30353,7.268715,7.313409999999999,7,0.006119643514848168
maze_scrambled,size_halve,262144,8.38496,8.35396,8.491409999999998,7,0.01639244552150489
maze_scrambled,size_halve,524288,10.0884,10.0435,10.133099999999999,7,0.00888148764918114
maze_scrambled,size_halve,1048576,11.3365,11.2492,11.502400000000002,7,0.022334935826754415
maze_scrambled,size_halve,2097152,15.8756,15.5313,16.62235,7,0.06872496157625545
maze_scrambled,size_halve,4194304,30.2454,30.021,30.615049999999997,7,0.019641003259999727
maze_scrambled,size_halve,8388608,50.4642,50.293099999999995,50.78765,7,0.009800016645463592
maze_scrambled,size_halve,16777216,59.4459,58.9596,60.0236,7,0.017898627155110782
maze_scrambled,size_none,1024,2.19583,2.15857,2.3821,7,0.10179749798481658
maze_scrambled,size_none,2048,5.28068,5.207765,5.41212,7,0.038698614572365606
maze_scrambled,size_none,4096,8.97616,8.91684,9.120115,7,0.022646098108768074
maze_scrambled,size_none,8192,10.3194,10.3096,10.449200000000001,7,0.013527918289823197
maze_scrambled,size_none,16384,11.8247,11.7344,11.9514,7,0.018351416949267105
maze_scrambled,size_none,32768,12.8896,12.8673,12.956199999999999,7,0.006897033267130002
maze_scrambled,size_none,65536,13.5383,13.44095,13.856100000000001,7,0.03066485452383243
maze_scrambled,size_none,131072,15.3547,15.28735,15.3812,7,0.0061121350465980955
maze_scrambled,size_none,262144,16.7441,16.6799,16.77145,7,0.005467597541820795
maze_scrambled,size_none,524288,19.2462,19.13875,19.336799999999997,7,0.010290343028753465
maze_scrambled,size_none,1048576,21.3156,21.26735,21.53735,7,0.012666779260260072
maze_scrambled,size_none,2097152,26.1753,26.08475,26.4998,7,0.015856551787372095
maze_scrambled,size_none,4194304,40.4769,40.13115,44.7749,7,0.1147259300984019
maze_scrambled,size_none,8388608,65.4168,63.864850000000004,68.6759,7,0.07354456347604889
maze_scrambled,size_none,16777216,82.2803,81.875,83.84094999999999,7,0.02389332561986274
random_mixed,naive_compress,1024,2.57673,2.536275,2.58847,7,0.020256293829776582
random_mixed,naive_compress,2048,5.51246,5.509555000000001,5.61198,7,0.018580633691672923
random_mixed,naive_compress,4096,8.535,8.474475,8.59477,7,0.014094317516110191
random_mixed,naive_compress,8192,10.1768,10.1127,10.31335,7,0.019716413803946186
random_mixed,naive_compress,16384,11.7271,11.62895,11.851,7,0.018934775008314177
random_mixed,naive_compress,32768,12.78,12.72685,13.1509,7,0.033180751173708875
random_mixed,naive_compress,65536,14.8654,14.12085,16.7375,7,0.17602284499576198
random_mixed,naive_compress,131072,17.1625,16.973,17.872799999999998,7,0.052428259286234465
random_mixed,naive_compress,262144,18.5526,18.425449999999998,18.81525,7,0.021010532216508792
random_mixed,naive_compress,524288,20.4945,20.02545,20.82255,7,0.038893361633609035
random_mixed,naive_compress,1048576,22.6999,22.59075,23.74185,7,0.05070947449107704
random_mixed,naive_compress,2097152,27.7631,26.435049999999997,30.37155,7,0.14178892126599704
random_mixed,naive_compress,4194304,71.0239,68.38624999999999,73.9278,7,0.0780237356720768
random_mixed,naive_compress,8388608,106.081,102.8785,107.029,7,0.03912576238911769
random_mixed,naive_compress,16777216,138.62,135.986,142.1275,7,0.04430457365459535
random_mixed,naive_halve,1024,2.89083,2.870585,2.9055799999999996,7,0.012105519867996196
random_mixed,naive_halve,2048,3.3382,3.31095,3.41165,7,0.030165957701755373
random_mixed,naive_halve,4096,6.57196,6.455665,6.7337,7,0.04230625262478774
random_mixed,naive_halve,8192,9.49951,9.47522,9.663575,7,0.019827864805658353
random_mixed,naive_halve,16384,11.0471,10.985949999999999,11.282599999999999,7,0.026853201292646907
random_mixed,naive_halve,32768,12.0361,12.022,12.064499999999999,7,0.0035310441089720633
random_mixed,naive_halve,65536,13.311,13.04535,13.7106,7,0.04997746224926755
random_mixed,naive_halve,131072,17.1947,15.75635,17.90935,7,0.12521300168075047
random_mixed,naive_halve,262144,17.8009,17.4771,18.46075,7,0.055258441988888254
random_mixed,naive_halve,524288,19.68,19.54165,19.7131,7,0.008711890243902445
random_mixed,naive_halve,1048576,23.3883,23.15415,23.5935,7,0.018785033542412122
random_mixed,naive_halve,2097152,31.0062,27.604300000000002,34.225750000000005,7,0.21355245080016264
random_mixed,naive_halve,4194304,59.1331,53.38005,61.65155,7,0.13987935690839823
random_mixed,naive_halve,8388608,114.633,106.4725,115.773,7,0.0811328326049218
random_mixed,naive_halve,16777216,151.925,145.308,155.3245,7,0.06593055784104003
random_mixed,naive_none,1024,13.9475,13.67095,14.2782,7,0.043538268506900915
random_mixed,naive_none,2048,53.9111,53.77075,54.16015,7,0.00722300231306729
random_mixed,naive_none,4096,115.757,115.686,116.6575,7,0.008392581010219613
random_mixed,naive_none,8192,227.759,227.336,228.55849999999998,7,0.005367515663486265
random_mixed,naive_none,16384,466.681,465.7485,468.10450000000003,7,0.005048416370068744
random_mixed,naive_none,32768,1736.23,1735.065,1739.3049999999998,7,0.0024420727668568
random_mixed,naive_none,65536,4666.77,4264.6900000000005,4751.635,7,0.10434304668968038
random_mixed,naive_none,131072,10649.3,10568.15,10681.35,7,0.010629806653958546
random_mixed,quickfind,1024,134.579,134.094,134.96699999999998,7,0.00648689617250827
random_mixed,quickfind,2048,253.403,252.004,255.3615,7,0.013249645821083476
random_mixed,quickfind,4096,490.198,489.374,491.47950000000003,7,0.004295203162803615
random_mixed,quickfind,8192,1141.62,1135.455,1144.0900000000001,7,0.0075638128273858365
random_mixed,quickfind,16384,2745.31,2736.25,2766.2200000000003,7,0.010916799924234515
random_mixed,quickfind,32768,5945.9,5912.005,5974.28,7,0.010473603659664583
random_mixed,quickfind,65536,11824.6,11795.65,11861.3,7,0.005551984845153293
random_mixed,quickfind,131072,24083.8,24053.65,24136.35,7,0.0034338434964580793
random_mixed,rank_compress,1024,2.50861,2.49618,2.51816,7,0.008761824277189403
random_mixed,rank_compress,2048,2.51544,2.47783,2.5424049999999996,7,0.025671453105619538
random_mixed,rank_compress,4096,4.43115,4.3967,4.449465,7,0.011907744039357718
random_mixed,rank_compress,8192,6.85936,6.7531300000000005,6.981185,7,0.03324727088241461
random_mixed,rank_compress,16384,8.10988,8.084275,8.15167,7,0.008310233936876923
random_mixed,rank_compress,32768,8.42879,8.343335,8.460575,7,0.013909469805274622
random_mixed,rank_compress,65536,9.05558,8.902740000000001,9.584045,7,0.0752359318784659
random_mixed,rank_compress,131072,10.2097,9.759905,10.280999999999999,7,0.051039207812178515
random_mixed,rank_compress,262144,12.4884,12.191600000000001,12.511700000000001,7,0.025631786297684256
random_mixed,rank_compress,524288,12.8166,12.3543,13.31925,7,0.07528907822667479
random_mixed,rank_compress,1048576,13.445,13.2622,14.7376,7,0.10973596132391226
random_mixed,rank_compress,2097152,19.1417,18.16305,19.7867,7,0.08482266465360973
random_mixed,rank_compress,4194304,27.3306,27.30655,27.46425,7,0.005770089204042297
random_mixed,rank_compress,8388608,39.3936,39.0775,39.77605,7,0.017732575849884177
random_mixed,rank_compress,16777216,47.1638,46.81375,49.303650000000005,7,0.05279260788994961
random_mixed,rank_halve,1024,1.79083,1.771685,1.823855,7,0.029131743381560535
random_mixed,rank_halve,2048,1.75045,1.75,1.762205,7,0.006972492787568923
random_mixed,rank_halve,4096,3.02143,3.00507,3.0955500000000002,7,0.029946085131874755
random_mixed,rank_halve,8192,4.72113,4.698085,4.837035,7,0.029431513218233847
random_mixed,rank_halve,16384,6.27649,6.23779,6.314435,7,0.012211443019904308
random_mixed,rank_halve,32768,6.74452,6.71921,6.77012,7,0.007548350364444025
random_mixed,rank_halve,65536,7.69257,7.3530549999999995,9.12529,7,0.23038269395013633
random_mixed,rank_halve,131072,8.06961,7.99891,8.20484,7,0.025519201051847656
random_mixed,rank_halve,262144,10.363,9.773164999999999,10.553249999999998,7,0.07527598185853515
random_mixed,rank_halve,524288,10.3104,10.2,10.41085,7,0.020450225015518374
random_mixed,rank_halve,1048576,12.4698,12.31755,13.10595,7,0.06322475099841211
random_mixed,rank_halve,2097152,16.3463,16.0637,16.728050000000003,7,0.04064222484598976
random_mixed,rank_halve,4194304,27.872,27.4891,31.183949999999996,7,0.1325649397244545
random_mixed,rank_halve,8388608,40.5947,40.1569,40.9219,7,0.018844824570695203
random_mixed,rank_halve,16777216,49.0589,49.0281,50.111549999999994,7,0.022084677805657933
random_mixed,rank_none,1024,1.95095,1.94408,1.95465,7,0.00541787334375559
random_mixed,rank_none,2048,2.03063,2.02542,2.048295,7,0.011264976879096625
random_mixed,rank_none,4096,6.50977,6.25107,6.5257249999999996,7,0.042191198767391046
random_mixed,rank_none,8192,9.78524,9.723445,9.983619999999998,7,0.026588514947001658
random_mixed,rank_none,16384,10.8551,10.8092,10.95185,7,0.013141288426638144
random_mixed,rank_none,32768,11.4675,11.3887,11.737549999999999,7,0.030420754305646287
random_mixed,rank_none,65536,12.5857,12.258,15.07145,7,0.22354338654186906
random_mixed,rank_none,131072,14.4583,14.34765,14.6409,7,0.020282467510011584
random_mixed,rank_none,262144,17.009,16.44485,17.466050000000003,7,0.06003880298665435
random_mixed,rank_none,524288,16.9053,16.8353,16.9999,7,0.009736591483144343
random_mixed,rank_none,1048576,20.5337,20.0472,21.8214,7,0.08640430122189378
random_mixed,rank_none,2097152,24.8287,24.35705,25.16035,7,0.032353687466520606
random_mixed,rank_none,4194304,36.0269,35.3206,38.2731,7,0.08195265204611
random_mixed,rank_none,8388608,48.9591,48.679050000000004,50.1345,7,0.029727874899661125
random_mixed,rank_none,16777216,58.6947,58.6518,59.234700000000004,7,0.009931049992588807
random_mixed,size_compress,1024,2.17384,2.12394,2.187035,7,0.029024675229087547
random_mixed,size_compress,2048,2.0704,2.06411,2.09272,7,0.013818585780525515
random_mixed,size_compress,4096,4.24932,4.228175,4.291265,7,0.014847081415379371
random_mixed,size_compress,8192,6.01707,5.93716,6.09365,7,0.026007674831770244
random_mixed,size_compress,16384,7.18384,7.1228,7.296905000000001,7,0.024235645560034862
random_mixed,size_compress,32768,7.5737,7.54555,7.59071,7,0.005962739480042675
random_mixed,size_compress,65536,8.42255,8.155365,9.6829,7,0.18136253272464994
random_mixed,size_compress,131072,8.5818,8.56406,8.7265,7,0.018928429933114284
random_mixed,size_compress,262144,10.8011,10.4671,11.08405,7,0.05711918230550585
random_mixed,size_compress,524288,10.6784,10.659500000000001,10.74185,7,0.007711829487563507
random_mixed,size_compress,1048576,12.844,12.71465,13.1353,7,0.03275070071628778
random_mixed,size_compress,2097152,16.2045,15.74025,16.2728,7,0.032864327810176217
random_mixed,size_compress,4194304,30.7521,29.97055,33.77895,7,0.12384194900510868
random_mixed,size_compress,8388608,38.7937,38.57895,39.794799999999995,7,0.03134142914957831
random_mixed,size_compress,16777216,46.4184,46.1189,46.74335,7,0.013452639470554846
random_mixed,size_halve,1024,1.78772,1.7727650000000001,1.7897349999999999,7,0.009492537981339196
random_mixed,size_halve,2048,1.68046,1.677195,1.6995550000000001,7,0.013305880532711374
random_mixed,size_halve,4096,1.67835,1.6642450000000002,1.69142,7,0.01619149760181114
random_mixed,size_halve,8192,4.45522,4.40288,4.51666,7,0.025538581708647434
random_mixed,size_halve,16384,5.77722,5.7662949999999995,5.825745,7,0.010290416497900528
random_mixed,size_halve,32768,6.14802,6.07611,6.244339999999999,7,0.027363281186463192
random_mixed,size_halve,65536,6.77694,6.468265,7.885105,7,0.20906780936528885
random_mixed,size_halve,131072,7.05948,6.984965,7.24932,7,0.03744680911341914
random_mixed,size_halve,262144,9.58805,9.261610000000001,9.684090000000001,7,0.04406318281610965
random_mixed,size_halve,524288,9.04045,8.966875,9.18179,7,0.02377259981527463
random_mixed,size_halve,1048576,10.7019,10.2899,10.870049999999999,7,0.054210000093441325
random_mixed,size_halve,2097152,15.1496,15.018650000000001,15.735199999999999,7,0.04729827850240258
random_mixed,size_halve,4194304,32.4945,31.65165,32.720349999999996,7,0.03288864269337876
random_mixed,size_halve,8388608,40.4711,40.346149999999994,40.8722,7,0.01299816412205265
random_mixed,size_halve,16777216,51.1512,50.80915,51.32615,7,0.010107289760552947
random_mixed,size_none,1024,1.99356,1.987265,2.0167349999999997,7,0.01478259997190938
random_mixed,size_none,2048,2.01777,2.00969,2.20208,7,0.09534783449055148
random_mixed,size_none,4096,6.08521,5.831910000000001,6.10065,7,0.044162814430397525
random_mixed,size_none,8192,8.46361,8.41271,8.59749,7,0.021832291421745562
random_mixed,size_none,16384,9.85229,9.817605,9.908954999999999,7,0.009271956063006518
random_mixed,size_none,32768,10.2404,10.189900000000002,10.260950000000001,7,0.006938205538846102
random_mixed,size_none,65536,11.6299,11.43035,13.12025,7,0.14530649446684837
random_mixed,size_none,131072,12.4346,12.378250000000001,12.5329,7,0.012437070754185773
random_mixed,size_none,262144,15.3399,15.0197,15.44755,7,0.027891316110274473
random_mixed,size_none,524288,15.2084,15.13595,15.216149999999999,7,0.005273401541253492
random_mixed,size_none,1048576,17.1414,16.806849999999997,18.0816,7,0.07436673783938327
random_mixed,size_none,2097152,20.9149,20.6819,21.27215,7,0.028221507155186065
random_mixed,size_none,4194304,36.0624,35.3602,36.87495,7,0.0420035826789121
random_mixed,size_none,8388608,46.6268,46.3451,47.224000000000004,7,0.01884967443616121
random_mixed,size_none,16777216,57.2072,56.1696,57.38535,7,0.021251695590764796
