workload,variant,n,ops,finds,path_length,writes,max_path,path_per_find,writes_per_find,checksum
random_mixed,naive_none,1024,2048,4096,35139,0,96,8.57886,0,13450996093841474956
random_mixed,naive_compress,1024,2048,4096,4292,2388,8,1.04785,0.583008,13450996093841474956
random_mixed,naive_halve,1024,2048,4096,5003,3096,8,1.22144,0.755859,13450996093841474956
random_mixed,rank_none,1024,2048,4096,3513,0,5,0.857666,0,13450996093841474956
random_mixed,rank_compress,1024,2048,4096,2532,642,4,0.618164,0.156738,13450996093841474956
random_mixed,rank_halve,1024,2048,4096,2678,2000,4,0.653809,0.488281,13450996093841474956
random_mixed,size_none,1024,2048,4096,3412,0,5,0.833008,0,13450996093841474956
random_mixed,size_compress,1024,2048,4096,2515,615,4,0.614014,0.150146,13450996093841474956
random_mixed,size_halve,1024,2048,4096,2619,1982,4,0.639404,0.483887,13450996093841474956
random_mixed,naive_none,2048,4096,8192,181315,0,209,22.1332,0,10817281417314817745
random_mixed,naive_compress,2048,4096,8192,9526,5726,12,1.16284,0.698975,10817281417314817745
random_mixed,naive_halve,2048,4096,8192,11264,6813,9,1.375,0.831665,10817281417314817745
random_mixed,rank_none,2048,4096,8192,7305,0,5,0.891724,0,10817281417314817745
random_mixed,rank_compress,2048,4096,8192,5031,1184,5,0.614136,0.144531,10817281417314817745
random_mixed,rank_halve,2048,4096,8192,5269,4019,5,0.643188,0.490601,10817281417314817745
random_mixed,size_none,2048,4096,8192,6822,0,5,0.832764,0,10817281417314817745
random_mixed,size_compress,2048,4096,8192,4974,1117,4,0.607178,0.136353,10817281417314817745
random_mixed,size_halve,2048,4096,8192,5199,4017,5,0.634644,0.490356,10817281417314817745
random_mixed,naive_none,4096,8192,16384,773196,0,441,47.1921,0,15410502675086993016
random_mixed,naive_compress,4096,8192,16384,20815,13047,9,1.27045,0.796326,15410502675086993016
random_mixed,naive_halve,4096,8192,16384,24771,14754,9,1.5119,0.900513,15410502675086993016
random_mixed,rank_none,4096,8192,16384,14571,0,5,0.889343,0,15410502675086993016
random_mixed,rank_compress,4096,8192,16384,10005,2316,4,0.610657,0.141357,15410502675086993016
random_mixed,rank_halve,4096,8192,16384,10536,8068,4,0.643066,0.492432,15410502675086993016
random_mixed,size_none,4096,8192,16384,13876,0,5,0.846924,0,15410502675086993016
random_mixed,size_compress,4096,8192,16384,9902,2204,4,0.60437,0.134521,15410502675086993016
random_mixed,size_halve,4096,8192,16384,10314,7993,4,0.629517,0.487854,15410502675086993016
random_mixed,naive_none,8192,16384,32768,3084893,0,852,94.1435,0,2871892735043869553
random_mixed,naive_compress,8192,16384,32768,44499,28961,10,1.358,0.88382,2871892735043869553
random_mixed,naive_halve,8192,16384,32768,52995,31238,12,1.61728,0.953308,2871892735043869553
random_mixed,rank_none,8192,16384,32768,31510,0,6,0.961609,0,2871892735043869553
random_mixed,rank_compress,8192,16384,32768,20451,4987,4,0.624115,0.152191,2871892735043869553
random_mixed,rank_halve,8192,16384,32768,21620,16329,5,0.65979,0.498322,2871892735043869553
random_mixed,size_none,8192,16384,32768,29111,0,6,0.888397,0,2871892735043869553
random_mixed,size_compress,8192,16384,32768,20114,4640,4,0.613831,0.141602,2871892735043869553
random_mixed,size_halve,8192,16384,32768,21135,16192,5,0.644989,0.494141,2871892735043869553
random_mixed,naive_none,16384,32768,65536,11698234,0,1592,178.501,0,15108147812873449868
random_mixed,naive_compress,16384,32768,65536,92325,61249,10,1.40877,0.934586,15108147812873449868
random_mixed,naive_halve,16384,32768,65536,110265,64619,12,1.68251,0.986008,15108147812873449868
random_mixed,rank_none,16384,32768,65536,63003,0,7,0.961349,0,15108147812873449868
random_mixed,rank_compress,16384,32768,65536,40966,9887,4,0.625092,0.150864,15108147812873449868
random_mixed,rank_halve,16384,32768,65536,43485,32896,5,0.663528,0.501953,15108147812873449868
random_mixed,size_none,16384,32768,65536,60203,0,6,0.918625,0,15108147812873449868
random_mixed,size_compress,16384,32768,65536,40583,9504,5,0.619247,0.14502,15108147812873449868
random_mixed,size_halve,16384,32768,65536,42812,32679,5,0.653259,0.498642,15108147812873449868
random_mixed,naive_none,32768,65536,131072,48746612,0,3328,371.907,0,16831409968426037970
random_mixed,naive_compress,32768,65536,131072,195168,132980,13,1.48901,1.01456,16831409968426037970
random_mixed,naive_halve,32768,65536,131072,231834,134829,12,1.76875,1.02866,16831409968426037970
random_mixed,rank_none,32768,65536,131072,122023,0,6,0.930962,0,16831409968426037970
random_mixed,rank_compress,32768,65536,131072,81292,19158,5,0.620209,0.146164,16831409968426037970
random_mixed,rank_halve,32768,65536,131072,85805,65355,5,0.65464,0.498619,16831409968426037970
random_mixed,size_none,32768,65536,131072,117139,0,6,0.8937,0,16831409968426037970
random_mixed,size_compress,32768,65536,131072,80610,18399,5,0.615005,0.140373,16831409968426037970
random_mixed,size_halve,32768,65536,131072,84730,65118,5,0.646439,0.496811,16831409968426037970
random_mixed,naive_none,65536,131072,262144,190834501,0,6605,727.976,0,1293486604441481732
random_mixed,naive_compress,65536,131072,262144,408152,284078,12,1.55698,1.08367,1293486604441481732
random_mixed,naive_halve,65536,131072,262144,484813,280138,14,1.84941,1.06864,1293486604441481732
random_mixed,rank_none,65536,131072,262144,242860,0,6,0.926437,0,1293486604441481732
random_mixed,rank_compress,65536,131072,262144,162150,37923,5,0.618553,0.144665,1293486604441481732
random_mixed,rank_halve,65536,131072,262144,170962,130582,5,0.652168,0.498131,1293486604441481732
random_mixed,size_none,65536,131072,262144,233001,0,7,0.888828,0,1293486604441481732
random_mixed,size_compress,65536,131072,262144,160548,36380,5,0.612442,0.138779,1293486604441481732
random_mixed,size_halve,65536,131072,262144,168541,129867,6,0.642933,0.495403,1293486604441481732
random_mixed,naive_none,131072,262144,524288,770866707,0,13344,1470.31,0,14996548762552464563
random_mixed,naive_compress,131072,262144,524288,858464,610158,13,1.63739,1.16378,14996548762552464563
random_mixed,naive_halve,131072,262144,524288,1020361,585724,15,1.94618,1.11718,14996548762552464563
random_mixed,rank_none,131072,262144,524288,497734,0,7,0.949352,0,14996548762552464563
random_mixed,rank_compress,131072,262144,524288,325079,76786,5,0.620039,0.146458,14996548762552464563
random_mixed,rank_halve,131072,262144,524288,342872,261305,5,0.653976,0.4984,14996548762552464563
random_mixed,size_none,131072,262144,524288,472965,0,8,0.902109,0,14996548762552464563
random_mixed,size_compress,131072,262144,524288,321792,73525,5,0.61377,0.140238,14996548762552464563
random_mixed,size_halve,131072,262144,524288,338020,259881,5,0.644722,0.495684,14996548762552464563
random_mixed,naive_compress,262144,524288,1048576,1790347,1293528,14,1.70741,1.2336,14092637751157080468
random_mixed,naive_halve,262144,524288,1048576,2122308,1212687,16,2.02399,1.15651,14092637751157080468
random_mixed,rank_none,262144,524288,1048576,991736,0,7,0.945793,0,14092637751157080468
random_mixed,rank_compress,262144,524288,1048576,649951,153268,5,0.619842,0.146168,14092637751157080468
random_mixed,rank_halve,262144,524288,1048576,685810,522599,6,0.654039,0.498389,14092637751157080468
random_mixed,size_none,262144,524288,1048576,945258,0,8,0.901468,0,14092637751157080468
random_mixed,size_compress,262144,524288,1048576,643617,146971,5,0.613801,0.140162,14092637751157080468
random_mixed,size_halve,262144,524288,1048576,676123,519803,6,0.644801,0.495723,14092637751157080468
random_mixed,naive_compress,524288,1048576,2097152,3730638,2736793,16,1.77891,1.305,3583384404120394834
random_mixed,naive_halve,524288,1048576,2097152,4417294,2511084,18,2.10633,1.19738,3583384404120394834
random_mixed,rank_none,524288,1048576,2097152,2008375,0,8,0.957668,0,3583384404120394834
random_mixed,rank_compress,524288,1048576,2097152,1303125,308137,5,0.621378,0.146931,3583384404120394834
random_mixed,rank_halve,524288,1048576,2097152,1375721,1047773,6,0.655995,0.499617,3583384404120394834
random_mixed,size_none,524288,1048576,2097152,1923706,0,8,0.917295,0,3583384404120394834
random_mixed,size_compress,524288,1048576,2097152,1290592,295719,5,0.615402,0.14101,3583384404120394834
random_mixed,size_halve,524288,1048576,2097152,1356296,1041941,6,0.646732,0.496836,3583384404120394834
random_mixed,naive_compress,1048576,2097152,4194304,7765144,5777525,15,1.85135,1.37747,8185963170280953044
random_mixed,naive_halve,1048576,2097152,4194304,9181176,5194914,17,2.18896,1.23856,8185963170280953044
random_mixed,rank_none,1048576,2097152,4194304,4018042,0,8,0.957976,0,8185963170280953044
random_mixed,rank_compress,1048576,2097152,4194304,2604754,615611,5,0.621022,0.146773,8185963170280953044
random_mixed,rank_halve,1048576,2097152,4194304,2748639,2093955,6,0.655327,0.499238,8185963170280953044
random_mixed,size_none,1048576,2097152,4194304,3834422,0,8,0.914197,0,8185963170280953044
random_mixed,size_compress,1048576,2097152,4194304,2580298,590988,6,0.615191,0.140903,8185963170280953044
random_mixed,size_halve,1048576,2097152,4194304,2709786,2081885,7,0.646063,0.49636,8185963170280953044
random_mixed,naive_compress,2097152,4194304,8388608,16166378,12190158,17,1.92718,1.45318,9560151818210707333
random_mixed,naive_halve,2097152,4194304,8388608,19071062,10745298,18,2.27345,1.28094,9560151818210707333
random_mixed,rank_none,2097152,4194304,8388608,8003985,0,9,0.954149,0,9560151818210707333
random_mixed,rank_compress,2097152,4194304,8388608,5206231,1230186,6,0.620631,0.14665,9560151818210707333
random_mixed,rank_halve,2097152,4194304,8388608,5493337,4184628,6,0.654857,0.498847,9560151818210707333
random_mixed,size_none,2097152,4194304,8388608,7650225,0,9,0.911978,0,9560151818210707333
random_mixed,size_compress,2097152,4194304,8388608,5157935,1181730,6,0.614874,0.140873,9560151818210707333
random_mixed,size_halve,2097152,4194304,8388608,5418786,4162363,6,0.64597,0.496192,9560151818210707333
random_mixed,naive_compress,4194304,8388608,16777216,33563627,25610181,18,2.00055,1.52649,1986734668325526375
random_mixed,naive_halve,4194304,8388608,16777216,39518454,22180959,21,2.35548,1.32209,1986734668325526375
random_mixed,rank_none,4194304,8388608,16777216,16035525,0,8,0.955792,0,1986734668325526375
random_mixed,rank_compress,4194304,8388608,16777216,10409228,2457164,6,0.620438,0.146458,1986734668325526375
random_mixed,rank_halve,4194304,8388608,16777216,10983637,8369206,7,0.654676,0.498844,1986734668325526375
random_mixed,size_none,4194304,8388608,16777216,15228551,0,9,0.907692,0,1986734668325526375
random_mixed,size_compress,4194304,8388608,16777216,10308882,2357248,6,0.614457,0.140503,1986734668325526375
random_mixed,size_halve,4194304,8388608,16777216,10826779,8320992,7,0.645326,0.49597,1986734668325526375
random_mixed,naive_compress,8388608,16777216,33554432,69533747,53626505,19,2.07227,1.59819,13028213354551836547
random_mixed,naive_halve,8388608,16777216,33554432,81668711,45677881,22,2.43392,1.36131,13028213354551836547
random_mixed,rank_none,8388608,16777216,33554432,32227553,0,9,0.960456,0,13028213354551836547
random_mixed,rank_compress,8388608,16777216,33554432,20835836,4928872,6,0.620956,0.146892,13028213354551836547
random_mixed,rank_halve,8388608,16777216,33554432,21986693,16745160,6,0.655255,0.499045,13028213354551836547
random_mixed,size_none,8388608,16777216,33554432,30759799,0,10,0.916713,0,13028213354551836547
random_mixed,size_compress,8388608,16777216,33554432,20638807,4732092,6,0.615084,0.141027,13028213354551836547
random_mixed,size_halve,8388608,16777216,33554432,21681190,16653362,7,0.64615,0.496309,13028213354551836547
random_mixed,naive_compress,16777216,33554432,67108864,143926689,112115743,21,2.14467,1.67065,17207806768942468913
random_mixed,naive_halve,16777216,33554432,67108864,168596595,93985399,22,2.51229,1.40049,17207806768942468913
random_mixed,rank_none,16777216,33554432,67108864,64300506,0,10,0.958152,0,17207806768942468913
random_mixed,rank_compress,16777216,33554432,67108864,41658272,9845673,6,0.620757,0.146712,17207806768942468913
random_mixed,rank_halve,16777216,33554432,67108864,43958015,33484216,7,0.655025,0.498954,17207806768942468913
random_mixed,size_none,16777216,33554432,67108864,61442379,0,10,0.915563,0,17207806768942468913
random_mixed,size_compress,16777216,33554432,67108864,41266833,9454659,6,0.614924,0.140885,17207806768942468913
random_mixed,size_halve,16777216,33554432,67108864,43345445,33298256,7,0.645897,0.496183,17207806768942468913
chain,naive_none,1024,2047,4094,1561486,0,1023,381.408,0,10012238438422107541
chain,naive_compress,1024,2047,4094,3069,1022,1023,0.749634,0.249634,10012238438422107541
chain,naive_halve,1024,2047,4094,5378,3457,1023,1.31363,0.844406,10012238438422107541
chain,rank_none,1024,2047,4094,2046,0,1,0.499756,0,10012238438422107541
chain,rank_compress,1024,2047,4094,2046,0,1,0.499756,0,10012238438422107541
chain,rank_halve,1024,2047,4094,2046,2046,1,0.499756,0.499756,10012238438422107541
chain,size_none,1024,2047,4094,2046,0,1,0.499756,0,10012238438422107541
chain,size_compress,1024,2047,4094,2046,0,1,0.499756,0,10012238438422107541
chain,size_halve,1024,2047,4094,2046,2046,1,0.499756,0.499756,10012238438422107541
chain,naive_none,2048,4095,8190,6279218,0,2047,766.693,0,5177629076840793493
chain,naive_compress,2048,4095,8190,6141,2046,2047,0.749817,0.249817,5177629076840793493
chain,naive_halve,2048,4095,8190,10819,6946,2047,1.321,0.848107,5177629076840793493
chain,rank_none,2048,4095,8190,4092,0,1,0.499634,0,5177629076840793493
chain,rank_compress,2048,4095,8190,4092,0,1,0.499634,0,5177629076840793493
chain,rank_halve,2048,4095,8190,4092,4092,1,0.499634,0.499634,5177629076840793493
chain,size_none,2048,4095,8190,4092,0,1,0.499634,0,5177629076840793493
chain,size_compress,2048,4095,8190,4092,0,1,0.499634,0,5177629076840793493
chain,size_halve,2048,4095,8190,4092,4092,1,0.499634,0.499634,5177629076840793493
chain,naive_none,4096,8191,16382,25083027,0,4095,1531.13,0,2502327724327708053
chain,naive_compress,4096,8191,16382,12285,4094,4095,0.749908,0.249908,2502327724327708053
chain,naive_halve,4096,8191,16382,21734,13951,4095,1.3267,0.851605,2502327724327708053
chain,rank_none,4096,8191,16382,8188,0,1,0.499817,0,2502327724327708053
chain,rank_compress,4096,8191,16382,8188,0,1,0.499817,0,2502327724327708053
chain,rank_halve,4096,8191,16382,8188,8188,1,0.499817,0.499817,2502327724327708053
chain,size_none,4096,8191,16382,8188,0,1,0.499817,0,2502327724327708053
chain,size_compress,4096,8191,16382,8188,0,1,0.499817,0,2502327724327708053
chain,size_halve,4096,8191,16382,8188,8188,1,0.499817,0.499817,2502327724327708053
chain,naive_none,8192,16383,32766,100872124,0,8191,3078.56,0,14497334776259011989
chain,naive_compress,8192,16383,32766,24574,8190,8191,0.749985,0.249954,14497334776259011989
chain,naive_halve,8192,16383,32766,43497,27914,8191,1.3275,0.85192,14497334776259011989
chain,rank_none,8192,16383,32766,16382,0,1,0.499969,0,14497334776259011989
chain,rank_compress,8192,16383,32766,16382,0,1,0.499969,0,14497334776259011989
chain,rank_halve,8192,16383,32766,16382,16382,1,0.499969,0.499969,14497334776259011989
chain,size_none,8192,16383,32766,16382,0,1,0.499969,0,14497334776259011989
chain,size_compress,8192,16383,32766,16382,0,1,0.499969,0,14497334776259011989
chain,size_halve,8192,16383,32766,16382,16382,1,0.499969,0.499969,14497334776259011989
chain,naive_none,16384,32767,65534,402733537,0,16383,6145.41,0,2995457343886288277
chain,naive_compress,16384,32767,65534,49150,16382,16383,0.749992,0.249977,2995457343886288277
chain,naive_halve,16384,32767,65534,87045,55827,16383,1.32824,0.851878,2995457343886288277
chain,rank_none,16384,32767,65534,32764,0,1,0.499954,0,2995457343886288277
chain,rank_compress,16384,32767,65534,32764,0,1,0.499954,0,2995457343886288277
chain,rank_halve,16384,32767,65534,32764,32764,1,0.499954,0.499954,2995457343886288277
chain,size_none,16384,32767,65534,32764,0,1,0.499954,0,2995457343886288277
chain,size_compress,16384,32767,65534,32764,0,1,0.499954,0,2995457343886288277
chain,size_halve,16384,32767,65534,32764,32764,1,0.499954,0.499954,2995457343886288277
chain,naive_none,32768,65535,131070,1608887253,0,32767,12275,0,9853420985730753941
chain,naive_compress,32768,65535,131070,98301,32766,32767,0.749989,0.249989,9853420985730753941
chain,naive_halve,32768,65535,131070,174331,111795,32767,1.33006,0.852941,9853420985730753941
chain,rank_none,32768,65535,131070,65534,0,1,0.499992,0,9853420985730753941
chain,rank_compress,32768,65535,131070,65534,0,1,0.499992,0,9853420985730753941
chain,rank_halve,32768,65535,131070,65534,65534,1,0.499992,0.499992,9853420985730753941
chain,size_none,32768,65535,131070,65534,0,1,0.499992,0,9853420985730753941
chain,size_compress,32768,65535,131070,65534,0,1,0.499992,0,9853420985730753941
chain,size_halve,32768,65535,131070,65534,65534,1,0.499992,0.499992,9853420985730753941
chain,naive_none,65536,131071,262142,6437466777,0,65535,24557.2,0,405799445418632597
chain,naive_compress,65536,131071,262142,196606,65534,65535,0.749998,0.249994,405799445418632597
chain,naive_halve,65536,131071,262142,348280,223393,65535,1.32859,0.852183,405799445418632597
chain,rank_none,65536,131071,262142,131070,0,1,0.499996,0,405799445418632597
chain,rank_compress,65536,131071,262142,131070,0,1,0.499996,0,405799445418632597
chain,rank_halve,65536,131071,262142,131070,131070,1,0.499996,0.499996,405799445418632597
chain,size_none,65536,131071,262142,131070,0,1,0.499996,0,405799445418632597
chain,size_compress,65536,131071,262142,131070,0,1,0.499996,0,405799445418632597
chain,size_halve,65536,131071,262142,131070,131070,1,0.499996,0.499996,405799445418632597
chain,naive_none,131072,262143,524286,25763042862,0,131071,49139.3,0,2351575278154048917
chain,naive_compress,131072,262143,524286,393214,131070,131071,0.749999,0.249997,2351575278154048917
chain,naive_halve,131072,262143,524286,696654,446818,131071,1.32877,0.852241,2351575278154048917
chain,rank_none,131072,262143,524286,262141,0,1,0.499996,0,2351575278154048917
chain,rank_compress,131072,262143,524286,262141,0,1,0.499996,0,2351575278154048917
chain,rank_halve,131072,262143,524286,262141,262141,1,0.499996,0.499996,2351575278154048917
chain,size_none,131072,262143,524286,262141,0,1,0.499996,0,2351575278154048917
chain,size_compress,131072,262143,524286,262141,0,1,0.499996,0,2351575278154048917
chain,size_halve,131072,262143,524286,262141,262141,1,0.499996,0.499996,2351575278154048917
chain,naive_compress,262144,524287,1048574,786429,262142,262143,0.749999,0.249999,1444736291658687893
chain,naive_halve,262144,524287,1048574,1393494,893714,262143,1.32894,0.852314,1444736291658687893
chain,rank_none,262144,524287,1048574,524284,0,1,0.499997,0,1444736291658687893
chain,rank_compress,262144,524287,1048574,524284,0,1,0.499997,0,1444736291658687893
chain,rank_halve,262144,524287,1048574,524284,524284,1,0.499997,0.499997,1444736291658687893
chain,size_none,262144,524287,1048574,524284,0,1,0.499997,0,1444736291658687893
chain,size_compress,262144,524287,1048574,524284,0,1,0.499997,0,1444736291658687893
chain,size_halve,262144,524287,1048574,524284,524284,1,0.499997,0.499997,1444736291658687893
chain,naive_compress,524288,1048575,2097150,1572862,524286,524287,0.75,0.249999,13007528215946618261
chain,naive_halve,524288,1048575,2097150,2786324,1787279,524287,1.32862,0.852242,13007528215946618261
chain,rank_none,524288,1048575,2097150,1048574,0,1,0.5,0,13007528215946618261
chain,rank_compress,524288,1048575,2097150,1048574,0,1,0.5,0,13007528215946618261
chain,rank_halve,524288,1048575,2097150,1048574,1048574,1,0.5,0.5,13007528215946618261
chain,size_none,524288,1048575,2097150,1048574,0,1,0.5,0,13007528215946618261
chain,size_compress,524288,1048575,2097150,1048574,0,1,0.5,0,13007528215946618261
chain,size_halve,524288,1048575,2097150,1048574,1048574,1,0.5,0.5,13007528215946618261
chain,naive_compress,1048576,2097151,4194302,3145726,1048574,1048575,0.75,0.25,18157858368012576149
chain,naive_halve,1048576,2097151,4194302,5573428,3574822,1048575,1.32881,0.852304,18157858368012576149
chain,rank_none,1048576,2097151,4194302,2097149,0,1,0.5,0,18157858368012576149
chain,rank_compress,1048576,2097151,4194302,2097149,0,1,0.5,0,18157858368012576149
chain,rank_halve,1048576,2097151,4194302,2097149,2097149,1,0.5,0.5,18157858368012576149
chain,size_none,1048576,2097151,4194302,2097149,0,1,0.5,0,18157858368012576149
chain,size_compress,1048576,2097151,4194302,2097149,0,1,0.5,0,18157858368012576149
chain,size_halve,1048576,2097151,4194302,2097149,2097149,1,0.5,0.5,18157858368012576149
chain,naive_compress,2097152,4194303,8388606,6291451,2097150,2097151,0.75,0.25,11897736107233535381
chain,naive_halve,2097152,4194303,8388606,11148928,7150799,2097151,1.32906,0.852442,11897736107233535381
chain,rank_none,2097152,4194303,8388606,4194302,0,1,0.5,0,11897736107233535381
chain,rank_compress,2097152,4194303,8388606,4194302,0,1,0.5,0,11897736107233535381
chain,rank_halve,2097152,4194303,8388606,4194302,4194302,1,0.5,0.5,11897736107233535381
chain,size_none,2097152,4194303,8388606,4194302,0,1,0.5,0,11897736107233535381
chain,size_compress,2097152,4194303,8388606,4194302,0,1,0.5,0,11897736107233535381
chain,size_halve,2097152,4194303,8388606,4194302,4194302,1,0.5,0.5,11897736107233535381
chain,naive_compress,4194304,8388607,16777214,12582910,4194302,4194303,0.75,0.25,6921337620869834133
chain,naive_halve,4194304,8388607,16777214,22294614,14299602,4194303,1.32886,0.852323,6921337620869834133
chain,rank_none,4194304,8388607,16777214,8388605,0,1,0.5,0,6921337620869834133
chain,rank_compress,4194304,8388607,16777214,8388605,0,1,0.5,0,6921337620869834133
chain,rank_halve,4194304,8388607,16777214,8388605,8388605,1,0.5,0.5,6921337620869834133
chain,size_none,4194304,8388607,16777214,8388605,0,1,0.5,0,6921337620869834133
chain,size_compress,4194304,8388607,16777214,8388605,0,1,0.5,0,6921337620869834133
chain,size_halve,4194304,8388607,16777214,8388605,8388605,1,0.5,0.5,6921337620869834133
chain,naive_compress,8388608,16777215,33554430,25165822,8388606,8388607,0.75,0.25,8697180715210401173
chain,naive_halve,8388608,16777215,33554430,44588010,28598438,8388607,1.32883,0.8523,8697180715210401173
chain,rank_none,8388608,16777215,33554430,16777212,0,1,0.5,0,8697180715210401173
chain,rank_compress,8388608,16777215,33554430,16777212,0,1,0.5,0,8697180715210401173
chain,rank_halve,8388608,16777215,33554430,16777212,16777212,1,0.5,0.5,8697180715210401173
chain,size_none,8388608,16777215,33554430,16777212,0,1,0.5,0,8697180715210401173
chain,size_compress,8388608,16777215,33554430,16777212,0,1,0.5,0,8697180715210401173
chain,size_halve,8388608,16777215,33554430,16777212,16777212,1,0.5,0.5,8697180715210401173
chain,naive_compress,16777216,33554431,67108862,50331644,16777214,16777215,0.75,0.25,3823194951034758549
chain,naive_halve,16777216,33554431,67108862,89185649,57202762,16777215,1.32897,0.852388,3823194951034758549
chain,rank_none,16777216,33554431,67108862,33554429,0,1,0.5,0,3823194951034758549
chain,rank_compress,16777216,33554431,67108862,33554429,0,1,0.5,0,3823194951034758549
chain,rank_halve,16777216,33554431,67108862,33554429,33554429,1,0.5,0.5,3823194951034758549
chain,size_none,16777216,33554431,67108862,33554429,0,1,0.5,0,3823194951034758549
chain,size_compress,16777216,33554431,67108862,33554429,0,1,0.5,0,3823194951034758549
chain,size_halve,16777216,33554431,67108862,33554429,33554429,1,0.5,0.5,3823194951034758549
maze,naive_none,1024,1984,3968,79398,0,77,20.0096,0,10376429817346366571
maze,naive_compress,1024,1984,3968,6016,3355,9,1.51613,0.845514,10376429817346366571
maze,naive_halve,1024,1984,3968,7081,4242,8,1.78453,1.06905,10376429817346366571
maze,rank_none,1024,1984,3968,6500,0,6,1.6381,0,10376429817346366571
maze,rank_compress,1024,1984,3968,3814,1138,5,0.96119,0.286794,10376429817346366571
maze,rank_halve,1024,1984,3968,4252,2971,5,1.07157,0.74874,10376429817346366571
maze,size_none,1024,1984,3968,5858,0,6,1.47631,0,10376429817346366571
maze,size_compress,1024,1984,3968,3731,1045,4,0.940272,0.263357,10376429817346366571
maze,size_halve,1024,1984,3968,4092,2914,4,1.03125,0.734375,10376429817346366571
maze,naive_none,2048,4000,8000,300235,0,136,37.5294,0,15905995961003478109
maze,naive_compress,2048,4000,8000,13026,7624,10,1.62825,0.953,15905995961003478109
maze,naive_halve,2048,4000,8000,15344,9095,10,1.918,1.13688,15905995961003478109
maze,rank_none,2048,4000,8000,12259,0,6,1.53238,0,15905995961003478109
maze,rank_compress,2048,4000,8000,7585,2144,5,0.948125,0.268,15905995961003478109
maze,rank_halve,2048,4000,8000,8345,5914,5,1.04313,0.73925,15905995961003478109
maze,size_none,2048,4000,8000,11904,0,6,1.488,0,15905995961003478109
maze,size_compress,2048,4000,8000,7530,2071,5,0.94125,0.258875,15905995961003478109
maze,size_halve,2048,4000,8000,8220,5883,5,1.0275,0.735375,15905995961003478109
maze,naive_none,4096,8064,16128,1048339,0,223,65.0012,0,674762307814947789
maze,naive_compress,4096,8064,16128,26517,15546,9,1.64416,0.963914,674762307814947789
maze,naive_halve,4096,8064,16128,31400,18608,12,1.94692,1.15377,674762307814947789
maze,rank_none,4096,8064,16128,28132,0,7,1.7443,0,674762307814947789
maze,rank_compress,4096,8064,16128,15735,4732,5,0.975632,0.293403,674762307814947789
maze,rank_halve,4096,8064,16128,17353,12105,5,1.07595,0.750558,674762307814947789
maze,size_none,4096,8064,16128,26316,0,7,1.6317,0,674762307814947789
maze,size_compress,4096,8064,16128,15587,4562,5,0.966456,0.282862,674762307814947789
maze,size_halve,4096,8064,16128,17180,12069,5,1.06523,0.748326,674762307814947789
maze,naive_none,8192,16192,32384,3777545,0,416,116.648,0,17877986321577718577
maze,naive_compress,8192,16192,32384,56075,34087,10,1.73156,1.05259,17877986321577718577
maze,naive_halve,8192,16192,32384,66530,39199,12,2.05441,1.21044,17877986321577718577
maze,rank_none,8192,16192,32384,56086,0,7,1.7319,0,17877986321577718577
maze,rank_compress,8192,16192,32384,31503,9324,5,0.972795,0.28792,17877986321577718577
maze,rank_halve,8192,16192,32384,34871,24410,5,1.0768,0.753767,17877986321577718577
maze,size_none,8192,16192,32384,53873,0,7,1.66357,0,17877986321577718577
maze,size_compress,8192,16192,32384,31255,9058,5,0.965137,0.279706,17877986321577718577
maze,size_halve,8192,16192,32384,34428,24224,5,1.06312,0.748024,17877986321577718577
maze,naive_none,16384,32512,65024,15490615,0,823,238.229,0,2238789490913945179
maze,naive_compress,16384,32512,65024,117516,73277,10,1.80727,1.12692,2238789490913945179
maze,naive_halve,16384,32512,65024,139210,81636,12,2.1409,1.25547,2238789490913945179
maze,rank_none,16384,32512,65024,118164,0,7,1.81724,0,2238789490913945179
maze,rank_compress,16384,32512,65024,64015,19322,5,0.984483,0.297152,2238789490913945179
maze,rank_halve,16384,32512,65024,70819,49312,5,1.08912,0.758366,2238789490913945179
maze,size_none,16384,32512,65024,111951,0,7,1.72169,0,2238789490913945179
maze,size_compress,16384,32512,65024,63507,18708,5,0.97667,0.287709,2238789490913945179
maze,size_halve,16384,32512,65024,69990,49058,5,1.07637,0.75446,2238789490913945179
maze,naive_none,32768,65152,130304,59523316,0,1477,456.803,0,10794817591719863655
maze,naive_compress,32768,65152,130304,245994,157272,13,1.88785,1.20696,10794817591719863655
maze,naive_halve,32768,65152,130304,292042,170320,14,2.24124,1.3071,10794817591719863655
maze,rank_none,32768,65152,130304,262465,0,8,2.01425,0,10794817591719863655
maze,rank_compress,32768,65152,130304,129242,39781,6,0.99185,0.305294,10794817591719863655
maze,rank_halve,32768,65152,130304,143994,99666,6,1.10506,0.764873,10794817591719863655
maze,size_none,32768,65152,130304,245311,0,8,1.88261,0,10794817591719863655
maze,size_compress,32768,65152,130304,128136,38530,6,0.983362,0.295693,10794817591719863655
maze,size_halve,32768,65152,130304,142238,99008,6,1.09159,0.759823,10794817591719863655
maze,naive_none,65536,130560,261120,242198609,0,3007,927.538,0,13501720953657113853
maze,naive_compress,65536,130560,261120,515316,337370,12,1.97348,1.29201,13501720953657113853
maze,naive_halve,65536,130560,261120,611551,354470,14,2.34203,1.3575,13501720953657113853
maze,rank_none,65536,130560,261120,528925,0,8,2.0256,0,13501720953657113853
maze,rank_compress,65536,130560,261120,259873,80261,6,0.995224,0.307372,13501720953657113853
maze,rank_halve,65536,130560,261120,289003,199867,6,1.10678,0.765422,13501720953657113853
maze,size_none,65536,130560,261120,500414,0,9,1.91641,0,13501720953657113853
maze,size_compress,65536,130560,261120,257505,77628,6,0.986156,0.297289,13501720953657113853
maze,size_halve,65536,130560,261120,285301,198645,6,1.0926,0.760742,13501720953657113853
maze,naive_none,131072,261376,522752,974419757,0,5811,1864.02,0,8092194056481076247
maze,naive_compress,131072,261376,522752,1070771,714232,13,2.04833,1.36629,8092194056481076247
maze,naive_halve,131072,261376,522752,1270545,732772,15,2.43049,1.40176,8092194056481076247
maze,rank_none,131072,261376,522752,1164582,0,9,2.22779,0,8092194056481076247
maze,rank_compress,131072,261376,522752,523651,164109,6,1.00172,0.313933,8092194056481076247
maze,rank_halve,131072,261376,522752,583504,402492,6,1.11622,0.769948,8092194056481076247
maze,size_none,131072,261376,522752,1082422,0,10,2.07062,0,8092194056481076247
maze,size_compress,131072,261376,522752,517336,157190,6,0.989639,0.300697,8092194056481076247
maze,size_halve,131072,261376,522752,573743,399106,6,1.09754,0.763471,8092194056481076247
maze,naive_compress,262144,523264,1046528,2232034,1517928,14,2.1328,1.45044,18035501091928603585
maze,naive_halve,262144,523264,1046528,2645847,1522436,16,2.52821,1.45475,18035501091928603585
maze,rank_none,262144,523264,1046528,2314203,0,9,2.21131,0,18035501091928603585
maze,rank_compress,262144,523264,1046528,1045428,325102,6,0.998949,0.310648,18035501091928603585
maze,rank_halve,262144,523264,1046528,1163774,804079,6,1.11203,0.76833,18035501091928603585
maze,size_none,262144,523264,1046528,2090793,0,9,1.99784,0,18035501091928603585
maze,size_compress,262144,523264,1046528,1034084,312677,6,0.988109,0.298776,18035501091928603585
maze,size_halve,262144,523264,1046528,1146472,797759,7,1.0955,0.762291,18035501091928603585
maze,naive_compress,524288,1047040,2094080,4607810,3178670,14,2.2004,1.51793,2235406340681356245
maze,naive_halve,524288,1047040,2094080,5463176,3130129,17,2.60887,1.49475,2235406340681356245
maze,rank_none,524288,1047040,2094080,4679025,0,10,2.23441,0,2235406340681356245
maze,rank_compress,524288,1047040,2094080,2090868,649692,7,0.998466,0.310252,2235406340681356245
maze,rank_halve,524288,1047040,2094080,2327732,1608899,7,1.11158,0.768308,2235406340681356245
maze,size_none,524288,1047040,2094080,4287773,0,11,2.04757,0,2235406340681356245
maze,size_compress,524288,1047040,2094080,2070188,626908,6,0.988591,0.299372,2235406340681356245
maze,size_halve,524288,1047040,2094080,2296612,1597909,7,1.09672,0.76306,2235406340681356245
maze,naive_compress,1048576,2095104,4190208,9496857,6636081,15,2.26644,1.58371,506728551513925935
maze,naive_halve,1048576,2095104,4190208,11258369,6422322,18,2.68683,1.5327,506728551513925935
maze,rank_none,1048576,2095104,4190208,10069492,0,10,2.4031,0,506728551513925935
maze,rank_compress,1048576,2095104,4190208,4207650,1323677,7,1.00416,0.315898,506728551513925935
maze,rank_halve,1048576,2095104,4190208,4689462,3232044,7,1.11915,0.771333,506728551513925935
maze,size_none,1048576,2095104,4190208,9413437,0,11,2.24653,0,506728551513925935
maze,size_compress,1048576,2095104,4190208,4168887,1280632,7,0.994912,0.305625,506728551513925935
maze,size_halve,1048576,2095104,4190208,4628988,3209778,7,1.10472,0.766019,506728551513925935
maze,naive_compress,2097152,4191232,8382464,19637993,13914214,16,2.34275,1.65992,1423295404568163563
maze,naive_halve,2097152,4191232,8382464,23259265,13214448,18,2.77475,1.57644,1423295404568163563
maze,rank_none,2097152,4191232,8382464,20181530,0,11,2.40759,0,1423295404568163563
maze,rank_compress,2097152,4191232,8382464,8395561,2625122,7,1.00156,0.313168,1423295404568163563
maze,rank_halve,2097152,4191232,8382464,9352857,6455197,7,1.11576,0.770083,1423295404568163563
maze,size_none,2097152,4191232,8382464,18844164,0,12,2.24805,0,1423295404568163563
maze,size_compress,2097152,4191232,8382464,8317044,2538140,7,0.992196,0.302792,1423295404568163563
maze,size_halve,2097152,4191232,8382464,9232771,6411939,7,1.10144,0.764923,1423295404568163563
maze,naive_compress,4194304,8384512,16769024,40583665,29132262,18,2.42016,1.73727,2756799595761001847
maze,naive_halve,4194304,8384512,16769024,48045481,27201575,19,2.86513,1.62213,2756799595761001847
maze,rank_none,4194304,8384512,16769024,42320451,0,12,2.52373,0,2756799595761001847
maze,rank_compress,4194304,8384512,16769024,16815970,5270614,7,1.0028,0.314307,2756799595761001847
maze,rank_halve,4194304,8384512,16769024,18737405,12924325,7,1.11738,0.770726,2756799595761001847
maze,size_none,4194304,8384512,16769024,39192070,0,13,2.33717,0,2756799595761001847
maze,size_compress,4194304,8384512,16769024,16670593,5108058,7,0.99413,0.304613,2756799595761001847
maze,size_halve,4194304,8384512,16769024,18511066,12843619,9,1.10388,0.765913,2756799595761001847
maze,naive_compress,8388608,16771072,33542144,83628469,60720208,18,2.49324,1.81027,1747239293001817183
maze,naive_halve,8388608,16771072,33542144,98929160,55805001,21,2.9494,1.66373,1747239293001817183
maze,rank_none,8388608,16771072,33542144,86271068,0,12,2.57202,0,1747239293001817183
maze,rank_compress,8388608,16771072,33542144,33635314,10541567,7,1.00278,0.314278,1747239293001817183
maze,rank_halve,8388608,16771072,33542144,37478589,25854133,7,1.11736,0.770795,1747239293001817183
maze,size_none,8388608,16771072,33542144,78720076,0,13,2.3469,0,1747239293001817183
maze,size_compress,8388608,16771072,33542144,33323237,10194996,7,0.993474,0.303946,1747239293001817183
maze,size_halve,8388608,16771072,33542144,36995547,25680584,7,1.10296,0.765621,1747239293001817183
maze,naive_compress,16777216,33546240,67092480,172631240,126809489,18,2.57303,1.89007,10147772773238733017
maze,naive_halve,16777216,33546240,67092480,203992032,114726090,21,3.04046,1.70997,10147772773238733017
maze,rank_none,16777216,33546240,67092480,177808575,0,13,2.6502,0,10147772773238733017
maze,rank_compress,16777216,33546240,67092480,67298978,21098907,7,1.00308,0.314475,10147772773238733017
maze,rank_halve,16777216,33546240,67092480,74994993,51733959,8,1.11779,0.771084,10147772773238733017
maze,size_none,16777216,33546240,67092480,163189942,0,14,2.43231,0,10147772773238733017
maze,size_compress,16777216,33546240,67092480,66673848,20404799,8,0.99376,0.304129,10147772773238733017
maze,size_halve,16777216,33546240,67092480,74034960,51388843,8,1.10348,0.76594,10147772773238733017
maze_scrambled,naive_none,1024,1984,3968,79398,0,77,20.0096,0,10376429817346366571
maze_scrambled,naive_compress,1024,1984,3968,6016,3355,9,1.51613,0.845514,10376429817346366571
maze_scrambled,naive_halve,1024,1984,3968,7081,4242,8,1.78453,1.06905,10376429817346366571
maze_scrambled,rank_none,1024,1984,3968,6500,0,6,1.6381,0,10376429817346366571
maze_scrambled,rank_compress,1024,1984,3968,3814,1138,5,0.96119,0.286794,10376429817346366571
maze_scrambled,rank_halve,1024,1984,3968,4252,2971,5,1.07157,0.74874,10376429817346366571
maze_scrambled,size_none,1024,1984,3968,5858,0,6,1.47631,0,10376429817346366571
maze_scrambled,size_compress,1024,1984,3968,3731,1045,4,0.940272,0.263357,10376429817346366571
maze_scrambled,size_halve,1024,1984,3968,4092,2914,4,1.03125,0.734375,10376429817346366571
maze_scrambled,naive_none,2048,4000,8000,300235,0,136,37.5294,0,15905995961003478109
maze_scrambled,naive_compress,2048,4000,8000,13026,7624,10,1.62825,0.953,15905995961003478109
maze_scrambled,naive_halve,2048,4000,8000,15344,9095,10,1.918,1.13688,15905995961003478109
maze_scrambled,rank_none,2048,4000,8000,12259,0,6,1.53238,0,15905995961003478109
maze_scrambled,rank_compress,2048,4000,8000,7585,2144,5,0.948125,0.268,15905995961003478109
maze_scrambled,rank_halve,2048,4000,8000,8345,5914,5,1.04313,0.73925,15905995961003478109
maze_scrambled,size_none,2048,4000,8000,11904,0,6,1.488,0,15905995961003478109
maze_scrambled,size_compress,2048,4000,8000,7530,2071,5,0.94125,0.258875,15905995961003478109
maze_scrambled,size_halve,2048,4000,8000,8220,5883,5,1.0275,0.735375,15905995961003478109
maze_scrambled,naive_none,4096,8064,16128,1048339,0,223,65.0012,0,674762307814947789
maze_scrambled,naive_compress,4096,8064,16128,26517,15546,9,1.64416,0.963914,674762307814947789
maze_scrambled,naive_halve,4096,8064,16128,31400,18608,12,1.94692,1.15377,674762307814947789
maze_scrambled,rank_none,4096,8064,16128,28132,0,7,1.7443,0,674762307814947789
maze_scrambled,rank_compress,4096,8064,16128,15735,4732,5,0.975632,0.293403,674762307814947789
maze_scrambled,rank_halve,4096,8064,16128,17353,12105,5,1.07595,0.750558,674762307814947789
maze_scrambled,size_none,4096,8064,16128,26316,0,7,1.6317,0,674762307814947789
maze_scrambled,size_compress,4096,8064,16128,15587,4562,5,0.966456,0.282862,674762307814947789
maze_scrambled,size_halve,4096,8064,16128,17180,12069,5,1.06523,0.748326,674762307814947789
maze_scrambled,naive_none,8192,16192,32384,3777545,0,416,116.648,0,17877986321577718577
maze_scrambled,naive_compress,8192,16192,32384,56075,34087,10,1.73156,1.05259,17877986321577718577
maze_scrambled,naive_halve,8192,16192,32384,66530,39199,12,2.05441,1.21044,17877986321577718577
maze_scrambled,rank_none,8192,16192,32384,56086,0,7,1.7319,0,17877986321577718577
maze_scrambled,rank_compress,8192,16192,32384,31503,9324,5,0.972795,0.28792,17877986321577718577
maze_scrambled,rank_halve,8192,16192,32384,34871,24410,5,1.0768,0.753767,17877986321577718577
maze_scrambled,size_none,8192,16192,32384,53873,0,7,1.66357,0,17877986321577718577
maze_scrambled,size_compress,8192,16192,32384,31255,9058,5,0.965137,0.279706,17877986321577718577
maze_scrambled,size_halve,8192,16192,32384,34428,24224,5,1.06312,0.748024,17877986321577718577
maze_scrambled,naive_none,16384,32512,65024,15490615,0,823,238.229,0,2238789490913945179
maze_scrambled,naive_compress,16384,32512,65024,117516,73277,10,1.80727,1.12692,2238789490913945179
maze_scrambled,naive_halve,16384,32512,65024,139210,81636,12,2.1409,1.25547,2238789490913945179
maze_scrambled,rank_none,16384,32512,65024,118164,0,7,1.81724,0,2238789490913945179
maze_scrambled,rank_compress,16384,32512,65024,64015,19322,5,0.984483,0.297152,2238789490913945179
maze_scrambled,rank_halve,16384,32512,65024,70819,49312,5,1.08912,0.758366,2238789490913945179
maze_scrambled,size_none,16384,32512,65024,111951,0,7,1.72169,0,2238789490913945179
maze_scrambled,size_compress,16384,32512,65024,63507,18708,5,0.97667,0.287709,2238789490913945179
maze_scrambled,size_halve,16384,32512,65024,69990,49058,5,1.07637,0.75446,2238789490913945179
maze_scrambled,naive_none,32768,65152,130304,59523316,0,1477,456.803,0,10794817591719863655
maze_scrambled,naive_compress,32768,65152,130304,245994,157272,13,1.88785,1.20696,10794817591719863655
maze_scrambled,naive_halve,32768,65152,130304,292042,170320,14,2.24124,1.3071,10794817591719863655
maze_scrambled,rank_none,32768,65152,130304,262465,0,8,2.01425,0,10794817591719863655
maze_scrambled,rank_compress,32768,65152,130304,129242,39781,6,0.99185,0.305294,10794817591719863655
maze_scrambled,rank_halve,32768,65152,130304,143994,99666,6,1.10506,0.764873,10794817591719863655
maze_scrambled,size_none,32768,65152,130304,245311,0,8,1.88261,0,10794817591719863655
maze_scrambled,size_compress,32768,65152,130304,128136,38530,6,0.983362,0.295693,10794817591719863655
maze_scrambled,size_halve,32768,65152,130304,142238,99008,6,1.09159,0.759823,10794817591719863655
maze_scrambled,naive_none,65536,130560,261120,242198609,0,3007,927.538,0,13501720953657113853
maze_scrambled,naive_compress,65536,130560,261120,515316,337370,12,1.97348,1.29201,13501720953657113853
maze_scrambled,naive_halve,65536,130560,261120,611551,354470,14,2.34203,1.3575,13501720953657113853
maze_scrambled,rank_none,65536,130560,261120,528925,0,8,2.0256,0,13501720953657113853
maze_scrambled,rank_compress,65536,130560,261120,259873,80261,6,0.995224,0.307372,13501720953657113853
maze_scrambled,rank_halve,65536,130560,261120,289003,199867,6,1.10678,0.765422,13501720953657113853
maze_scrambled,size_none,65536,130560,261120,500414,0,9,1.91641,0,13501720953657113853
maze_scrambled,size_compress,65536,130560,261120,257505,77628,6,0.986156,0.297289,13501720953657113853
maze_scrambled,size_halve,65536,130560,261120,285301,198645,6,1.0926,0.760742,13501720953657113853
maze_scrambled,naive_none,131072,261376,522752,974419757,0,5811,1864.02,0,8092194056481076247
maze_scrambled,naive_compress,131072,261376,522752,1070771,714232,13,2.04833,1.36629,8092194056481076247
maze_scrambled,naive_halve,131072,261376,522752,1270545,732772,15,2.43049,1.40176,8092194056481076247
maze_scrambled,rank_none,131072,261376,522752,1164582,0,9,2.22779,0,8092194056481076247
maze_scrambled,rank_compress,131072,261376,522752,523651,164109,6,1.00172,0.313933,8092194056481076247
maze_scrambled,rank_halve,131072,261376,522752,583504,402492,6,1.11622,0.769948,8092194056481076247
maze_scrambled,size_none,131072,261376,522752,1082422,0,10,2.07062,0,8092194056481076247
maze_scrambled,size_compress,131072,261376,522752,517336,157190,6,0.989639,0.300697,8092194056481076247
maze_scrambled,size_halve,131072,261376,522752,573743,399106,6,1.09754,0.763471,8092194056481076247
maze_scrambled,naive_compress,262144,523264,1046528,2232034,1517928,14,2.1328,1.45044,18035501091928603585
maze_scrambled,naive_halve,262144,523264,1046528,2645847,1522436,16,2.52821,1.45475,18035501091928603585
maze_scrambled,rank_none,262144,523264,1046528,2314203,0,9,2.21131,0,18035501091928603585
maze_scrambled,rank_compress,262144,523264,1046528,1045428,325102,6,0.998949,0.310648,18035501091928603585
maze_scrambled,rank_halve,262144,523264,1046528,1163774,804079,6,1.11203,0.76833,18035501091928603585
maze_scrambled,size_none,262144,523264,1046528,2090793,0,9,1.99784,0,18035501091928603585
maze_scrambled,size_compress,262144,523264,1046528,1034084,312677,6,0.988109,0.298776,18035501091928603585
maze_scrambled,size_halve,262144,523264,1046528,1146472,797759,7,1.0955,0.762291,18035501091928603585
maze_scrambled,naive_compress,524288,1047040,2094080,4607810,3178670,14,2.2004,1.51793,2235406340681356245
maze_scrambled,naive_halve,524288,1047040,2094080,5463176,3130129,17,2.60887,1.49475,2235406340681356245
maze_scrambled,rank_none,524288,1047040,2094080,4679025,0,10,2.23441,0,2235406340681356245
maze_scrambled,rank_compress,524288,1047040,2094080,2090868,649692,7,0.998466,0.310252,2235406340681356245
maze_scrambled,rank_halve,524288,1047040,2094080,2327732,1608899,7,1.11158,0.768308,2235406340681356245
maze_scrambled,size_none,524288,1047040,2094080,4287773,0,11,2.04757,0,2235406340681356245
maze_scrambled,size_compress,524288,1047040,2094080,2070188,626908,6,0.988591,0.299372,2235406340681356245
maze_scrambled,size_halve,524288,1047040,2094080,2296612,1597909,7,1.09672,0.76306,2235406340681356245
maze_scrambled,naive_compress,1048576,2095104,4190208,9496857,6636081,15,2.26644,1.58371,506728551513925935
maze_scrambled,naive_halve,1048576,2095104,4190208,11258369,6422322,18,2.68683,1.5327,506728551513925935
maze_scrambled,rank_none,1048576,2095104,4190208,10069492,0,10,2.4031,0,506728551513925935
maze_scrambled,rank_compress,1048576,2095104,4190208,4207650,1323677,7,1.00416,0.315898,506728551513925935
maze_scrambled,rank_halve,1048576,2095104,4190208,4689462,3232044,7,1.11915,0.771333,506728551513925935
maze_scrambled,size_none,1048576,2095104,4190208,9413437,0,11,2.24653,0,506728551513925935
maze_scrambled,size_compress,1048576,2095104,4190208,4168887,1280632,7,0.994912,0.305625,506728551513925935
maze_scrambled,size_halve,1048576,2095104,4190208,4628988,3209778,7,1.10472,0.766019,506728551513925935
maze_scrambled,naive_compress,2097152,4191232,8382464,19637993,13914214,16,2.34275,1.65992,1423295404568163563
maze_scrambled,naive_halve,2097152,4191232,8382464,23259265,13214448,18,2.77475,1.57644,1423295404568163563
maze_scrambled,rank_none,2097152,4191232,8382464,20181530,0,11,2.40759,0,1423295404568163563
maze_scrambled,rank_compress,2097152,4191232,8382464,8395561,2625122,7,1.00156,0.313168,1423295404568163563
maze_scrambled,rank_halve,2097152,4191232,8382464,9352857,6455197,7,1.11576,0.770083,1423295404568163563
maze_scrambled,size_none,2097152,4191232,8382464,18844164,0,12,2.24805,0,1423295404568163563
maze_scrambled,size_compress,2097152,4191232,8382464,8317044,2538140,7,0.992196,0.302792,1423295404568163563
maze_scrambled,size_halve,2097152,4191232,8382464,9232771,6411939,7,1.10144,0.764923,1423295404568163563
maze_scrambled,naive_compress,4194304,8384512,16769024,40583665,29132262,18,2.42016,1.73727,2756799595761001847
maze_scrambled,naive_halve,4194304,8384512,16769024,48045481,27201575,19,2.86513,1.62213,2756799595761001847
maze_scrambled,rank_none,4194304,8384512,16769024,42320451,0,12,2.52373,0,2756799595761001847
maze_scrambled,rank_compress,4194304,8384512,16769024,16815970,5270614,7,1.0028,0.314307,2756799595761001847
maze_scrambled,rank_halve,4194304,8384512,16769024,18737405,12924325,7,1.11738,0.770726,2756799595761001847
maze_scrambled,size_none,4194304,8384512,16769024,39192070,0,13,2.33717,0,2756799595761001847
maze_scrambled,size_compress,4194304,8384512,16769024,16670593,5108058,7,0.99413,0.304613,2756799595761001847
maze_scrambled,size_halve,4194304,8384512,16769024,18511066,12843619,9,1.10388,0.765913,2756799595761001847
maze_scrambled,naive_compress,8388608,16771072,33542144,83628469,60720208,18,2.49324,1.81027,1747239293001817183
maze_scrambled,naive_halve,8388608,16771072,33542144,98929160,55805001,21,2.9494,1.66373,1747239293001817183
maze_scrambled,rank_none,8388608,16771072,33542144,86271068,0,12,2.57202,0,1747239293001817183
maze_scrambled,rank_compress,8388608,16771072,33542144,33635314,10541567,7,1.00278,0.314278,1747239293001817183
maze_scrambled,rank_halve,8388608,16771072,33542144,37478589,25854133,7,1.11736,0.770795,1747239293001817183
maze_scrambled,size_none,8388608,16771072,33542144,78720076,0,13,2.3469,0,1747239293001817183
maze_scrambled,size_compress,8388608,16771072,33542144,33323237,10194996,7,0.993474,0.303946,1747239293001817183
maze_scrambled,size_halve,8388608,16771072,33542144,36995547,25680584,7,1.10296,0.765621,1747239293001817183
maze_scrambled,naive_compress,16777216,33546240,67092480,172631240,126809489,18,2.57303,1.89007,10147772773238733017
maze_scrambled,naive_halve,16777216,33546240,67092480,203992032,114726090,21,3.04046,1.70997,10147772773238733017
maze_scrambled,rank_none,16777216,33546240,67092480,177808575,0,13,2.6502,0,10147772773238733017
maze_scrambled,rank_compress,16777216,33546240,67092480,67298978,21098907,7,1.00308,0.314475,10147772773238733017
maze_scrambled,rank_halve,16777216,33546240,67092480,74994993,51733959,8,1.11779,0.771084,10147772773238733017
maze_scrambled,size_none,16777216,33546240,67092480,163189942,0,14,2.43231,0,10147772773238733017
maze_scrambled,size_compress,16777216,33546240,67092480,66673848,20404799,8,0.99376,0.304129,10147772773238733017
maze_scrambled,size_halve,16777216,33546240,67092480,74034960,51388843,8,1.10348,0.76594,10147772773238733017
